Country Name,Country_Code,Year,Population
Aruba,ABW,2010,101838
Aruba,ABW,2011,102591
Aruba,ABW,2012,104110
Aruba,ABW,2013,105675
Aruba,ABW,2014,106807
Aruba,ABW,2015,107906
Aruba,ABW,2016,108727
Aruba,ABW,2017,108735
Aruba,ABW,2018,108908
Aruba,ABW,2019,109203
Africa Eastern and Southern,AFE,2010,530308387
Africa Eastern and Southern,AFE,2011,544737983
Africa Eastern and Southern,AFE,2012,559609961
Africa Eastern and Southern,AFE,2013,575202699
Africa Eastern and Southern,AFE,2014,590968990
Africa Eastern and Southern,AFE,2015,607123269
Africa Eastern and Southern,AFE,2016,623369401
Africa Eastern and Southern,AFE,2017,640058741
Africa Eastern and Southern,AFE,2018,657801085
Africa Eastern and Southern,AFE,2019,675950189
Afghanistan,AFG,2010,28284089
Afghanistan,AFG,2011,29347708
Afghanistan,AFG,2012,30560034
Afghanistan,AFG,2013,31622704
Afghanistan,AFG,2014,32792523
Afghanistan,AFG,2015,33831764
Afghanistan,AFG,2016,34700612
Afghanistan,AFG,2017,35688935
Afghanistan,AFG,2018,36743039
Afghanistan,AFG,2019,37856121
Africa Western and Central,AFW,2010,364358270
Africa Western and Central,AFW,2011,374790143
Africa Western and Central,AFW,2012,385360349
Africa Western and Central,AFW,2013,396030207
Africa Western and Central,AFW,2014,406992047
Africa Western and Central,AFW,2015,418127845
Africa Western and Central,AFW,2016,429454743
Africa Western and Central,AFW,2017,440882906
Africa Western and Central,AFW,2018,452195915
Africa Western and Central,AFW,2019,463365429
Angola,AGO,2010,23294825
Angola,AGO,2011,24218352
Angola,AGO,2012,25177394
Angola,AGO,2013,26165620
Angola,AGO,2014,27160769
Angola,AGO,2015,28157798
Angola,AGO,2016,29183070
Angola,AGO,2017,30234839
Angola,AGO,2018,31297155
Angola,AGO,2019,32375632
Albania,ALB,2010,2913021
Albania,ALB,2011,2905195
Albania,ALB,2012,2900401
Albania,ALB,2013,2895092
Albania,ALB,2014,2889104
Albania,ALB,2015,2880703
Albania,ALB,2016,2876101
Albania,ALB,2017,2873457
Albania,ALB,2018,2866376
Albania,ALB,2019,2854191
Andorra,AND,2010,80706
Andorra,AND,2011,77783
Andorra,AND,2012,76834
Andorra,AND,2013,75194
Andorra,AND,2014,73737
Andorra,AND,2015,72174
Andorra,AND,2016,72181
Andorra,AND,2017,73763
Andorra,AND,2018,75162
Andorra,AND,2019,76474
Arab World,ARB,2010,363568534
Arab World,ARB,2011,372054934
Arab World,ARB,2012,381030177
Arab World,ARB,2013,390954281
Arab World,ARB,2014,400231008
Arab World,ARB,2015,410190679
Arab World,ARB,2016,419808341
Arab World,ARB,2017,428315886
Arab World,ARB,2018,435998060
Arab World,ARB,2019,444281315
United Arab Emirates,ARE,2010,6869838
United Arab Emirates,ARE,2011,7104538
United Arab Emirates,ARE,2012,7391448
United Arab Emirates,ARE,2013,7693031
United Arab Emirates,ARE,2014,8059440
United Arab Emirates,ARE,2015,8505237
United Arab Emirates,ARE,2016,8935095
United Arab Emirates,ARE,2017,9223225
United Arab Emirates,ARE,2018,9346701
United Arab Emirates,ARE,2019,9445785
Argentina,ARG,2010,41288694
Argentina,ARG,2011,41730660
Argentina,ARG,2012,42161721
Argentina,ARG,2013,42582455
Argentina,ARG,2014,43024071
Argentina,ARG,2015,43477012
Argentina,ARG,2016,43900313
Argentina,ARG,2017,44288894
Argentina,ARG,2018,44654882
Argentina,ARG,2019,44973465
Armenia,ARM,2010,3044800
Armenia,ARM,2011,3027900
Armenia,ARM,2012,3024100
Armenia,ARM,2013,3022000
Armenia,ARM,2014,3013800
Armenia,ARM,2015,3004600
Armenia,ARM,2016,2992300
Armenia,ARM,2017,2979400
Armenia,ARM,2018,2969000
Armenia,ARM,2019,2962500
American Samoa,ASM,2010,55228
American Samoa,ASM,2011,54895
American Samoa,ASM,2012,54489
American Samoa,ASM,2013,54006
American Samoa,ASM,2014,53466
American Samoa,ASM,2015,52878
American Samoa,ASM,2016,52245
American Samoa,ASM,2017,51586
American Samoa,ASM,2018,50908
American Samoa,ASM,2019,50209
Antigua and Barbuda,ATG,2010,85320
Antigua and Barbuda,ATG,2011,86332
Antigua and Barbuda,ATG,2012,87260
Antigua and Barbuda,ATG,2013,88064
Antigua and Barbuda,ATG,2014,88765
Antigua and Barbuda,ATG,2015,89409
Antigua and Barbuda,ATG,2016,89969
Antigua and Barbuda,ATG,2017,90468
Antigua and Barbuda,ATG,2018,90926
Antigua and Barbuda,ATG,2019,91364
Australia,AUS,2010,22031750
Australia,AUS,2011,22340024
Australia,AUS,2012,22733465
Australia,AUS,2013,23128129
Australia,AUS,2014,23475686
Australia,AUS,2015,23815995
Australia,AUS,2016,24190907
Australia,AUS,2017,24592588
Australia,AUS,2018,24963258
Australia,AUS,2019,25334826
Austria,AUT,2010,8363404
Austria,AUT,2011,8391643
Austria,AUT,2012,8429991
Austria,AUT,2013,8479823
Austria,AUT,2014,8546356
Austria,AUT,2015,8642699
Austria,AUT,2016,8736668
Austria,AUT,2017,8797566
Austria,AUT,2018,8840521
Austria,AUT,2019,8879920
Azerbaijan,AZE,2010,9054332
Azerbaijan,AZE,2011,9173082
Azerbaijan,AZE,2012,9295784
Azerbaijan,AZE,2013,9416801
Azerbaijan,AZE,2014,9535079
Azerbaijan,AZE,2015,9649341
Azerbaijan,AZE,2016,9757812
Azerbaijan,AZE,2017,9854033
Azerbaijan,AZE,2018,9939771
Azerbaijan,AZE,2019,10024283
Burundi,BDI,2010,9376444
Burundi,BDI,2011,9717978
Burundi,BDI,2012,10071028
Burundi,BDI,2013,10439341
Burundi,BDI,2014,10799785
Burundi,BDI,2015,11047580
Burundi,BDI,2016,11239451
Burundi,BDI,2017,11506762
Burundi,BDI,2018,11859446
Burundi,BDI,2019,12255336
Belgium,BEL,2010,10895586
Belgium,BEL,2011,11038264
Belgium,BEL,2012,11106932
Belgium,BEL,2013,11159407
Belgium,BEL,2014,11209057
Belgium,BEL,2015,11274196
Belgium,BEL,2016,11331422
Belgium,BEL,2017,11375158
Belgium,BEL,2018,11427054
Belgium,BEL,2019,11488980
Benin,BEN,2010,9797484
Benin,BEN,2011,10093623
Benin,BEN,2012,10397657
Benin,BEN,2013,10708834
Benin,BEN,2014,11030004
Benin,BEN,2015,11360681
Benin,BEN,2016,11697842
Benin,BEN,2017,12039780
Benin,BEN,2018,12383347
Benin,BEN,2019,12726755
Burkina Faso,BFA,2010,16176498
Burkina Faso,BFA,2011,16661908
Burkina Faso,BFA,2012,17172287
Burkina Faso,BFA,2013,17695409
Burkina Faso,BFA,2014,18229461
Burkina Faso,BFA,2015,18777487
Burkina Faso,BFA,2016,19334856
Burkina Faso,BFA,2017,19894407
Burkina Faso,BFA,2018,20438288
Burkina Faso,BFA,2019,20961952
Bangladesh,BGD,2010,152201981
Bangladesh,BGD,2011,153591076
Bangladesh,BGD,2012,155070101
Bangladesh,BGD,2013,156532141
Bangladesh,BGD,2014,157964929
Bangladesh,BGD,2015,159383179
Bangladesh,BGD,2016,160811932
Bangladesh,BGD,2017,162186147
Bangladesh,BGD,2018,163523103
Bangladesh,BGD,2019,164913055
Bulgaria,BGR,2010,7395599
Bulgaria,BGR,2011,7348328
Bulgaria,BGR,2012,7305888
Bulgaria,BGR,2013,7265115
Bulgaria,BGR,2014,7223938
Bulgaria,BGR,2015,7177991
Bulgaria,BGR,2016,7127822
Bulgaria,BGR,2017,7075947
Bulgaria,BGR,2018,7025037
Bulgaria,BGR,2019,6975761
Bahrain,BHR,2010,1228543
Bahrain,BHR,2011,1195020
Bahrain,BHR,2012,1208964
Bahrain,BHR,2013,1253191
Bahrain,BHR,2014,1314562
Bahrain,BHR,2015,1370322
Bahrain,BHR,2016,1423726
Bahrain,BHR,2017,1501116
Bahrain,BHR,2018,1503091
Bahrain,BHR,2019,1483756
"Bahamas, The",BHS,2010,367478
"Bahamas, The",BHS,2011,371729
"Bahamas, The",BHS,2012,375469
"Bahamas, The",BHS,2013,378953
"Bahamas, The",BHS,2014,382298
"Bahamas, The",BHS,2015,385346
"Bahamas, The",BHS,2016,388055
"Bahamas, The",BHS,2017,390485
"Bahamas, The",BHS,2018,392717
"Bahamas, The",BHS,2019,394675
Bosnia and Herzegovina,BIH,2010,3811472
Bosnia and Herzegovina,BIH,2011,3741798
Bosnia and Herzegovina,BIH,2012,3670113
Bosnia and Herzegovina,BIH,2013,3610859
Bosnia and Herzegovina,BIH,2014,3564829
Bosnia and Herzegovina,BIH,2015,3518541
Bosnia and Herzegovina,BIH,2016,3473003
Bosnia and Herzegovina,BIH,2017,3428682
Bosnia and Herzegovina,BIH,2018,3387000
Bosnia and Herzegovina,BIH,2019,3345533
Belarus,BLR,2010,9483836
Belarus,BLR,2011,9461643
Belarus,BLR,2012,9446836
Belarus,BLR,2013,9443211
Belarus,BLR,2014,9448515
Belarus,BLR,2015,9461076
Belarus,BLR,2016,9469379
Belarus,BLR,2017,9458989
Belarus,BLR,2018,9438785
Belarus,BLR,2019,9419758
Belize,BLZ,2010,320245
Belize,BLZ,2011,327298
Belize,BLZ,2012,334414
Belize,BLZ,2013,341627
Belize,BLZ,2014,348923
Belize,BLZ,2015,356333
Belize,BLZ,2016,364705
Belize,BLZ,2017,373202
Belize,BLZ,2018,380226
Belize,BLZ,2019,385829
Bermuda,BMU,2010,63725
Bermuda,BMU,2011,63733
Bermuda,BMU,2012,63646
Bermuda,BMU,2013,63574
Bermuda,BMU,2014,63529
Bermuda,BMU,2015,63464
Bermuda,BMU,2016,63449
Bermuda,BMU,2017,63578
Bermuda,BMU,2018,63831
Bermuda,BMU,2019,64107
Bolivia,BOL,2010,10182345
Bolivia,BOL,2011,10348929
Bolivia,BOL,2012,10515807
Bolivia,BOL,2013,10682608
Bolivia,BOL,2014,10848888
Bolivia,BOL,2015,11014705
Bolivia,BOL,2016,11180020
Bolivia,BOL,2017,11344587
Bolivia,BOL,2018,11508368
Bolivia,BOL,2019,11671386
Brazil,BRA,2010,193701929
Brazil,BRA,2011,195284734
Brazil,BRA,2012,196876111
Brazil,BRA,2013,198478299
Brazil,BRA,2014,200085127
Brazil,BRA,2015,201675532
Brazil,BRA,2016,203218114
Brazil,BRA,2017,204703445
Brazil,BRA,2018,206107261
Brazil,BRA,2019,207455459
Barbados,BRB,2010,275243
Barbados,BRB,2011,276139
Barbados,BRB,2012,276938
Barbados,BRB,2013,277665
Barbados,BRB,2014,278348
Barbados,BRB,2015,278990
Barbados,BRB,2016,279598
Barbados,BRB,2017,280171
Barbados,BRB,2018,280711
Barbados,BRB,2019,281207
Brunei Darussalam,BRN,2010,392332
Brunei Darussalam,BRN,2011,399389
Brunei Darussalam,BRN,2012,405557
Brunei Darussalam,BRN,2013,411202
Brunei Darussalam,BRN,2014,416750
Brunei Darussalam,BRN,2015,422212
Brunei Darussalam,BRN,2016,427564
Brunei Darussalam,BRN,2017,432772
Brunei Darussalam,BRN,2018,437810
Brunei Darussalam,BRN,2019,442680
Bhutan,BTN,2010,701632
Bhutan,BTN,2011,709377
Bhutan,BTN,2012,717279
Bhutan,BTN,2013,725273
Bhutan,BTN,2014,733139
Bhutan,BTN,2015,740618
Bhutan,BTN,2016,747866
Bhutan,BTN,2017,754335
Bhutan,BTN,2018,759759
Bhutan,BTN,2019,764824
Botswana,BWA,2010,2033111
Botswana,BWA,2011,2073535
Botswana,BWA,2012,2108617
Botswana,BWA,2013,2140682
Botswana,BWA,2014,2172044
Botswana,BWA,2015,2203273
Botswana,BWA,2016,2234776
Botswana,BWA,2017,2266747
Botswana,BWA,2018,2299141
Botswana,BWA,2019,2332083
Central African Republic,CAF,2010,4492995
Central African Republic,CAF,2011,4565021
Central African Republic,CAF,2012,4610848
Central African Republic,CAF,2013,4642419
Central African Republic,CAF,2014,4623182
Central African Republic,CAF,2015,4629320
Central African Republic,CAF,2016,4713663
Central African Republic,CAF,2017,4793511
Central African Republic,CAF,2018,4878657
Central African Republic,CAF,2019,4944703
Canada,CAN,2010,34005902
Canada,CAN,2011,34339221
Canada,CAN,2012,34713395
Canada,CAN,2013,35080992
Canada,CAN,2014,35434066
Canada,CAN,2015,35704498
Canada,CAN,2016,36110803
Canada,CAN,2017,36545075
Canada,CAN,2018,37072620
Canada,CAN,2019,37618495
Central Europe and the Baltics,CEB,2010,104421447
Central Europe and the Baltics,CEB,2011,104174038
Central Europe and the Baltics,CEB,2012,103928128
Central Europe and the Baltics,CEB,2013,103691959
Central Europe and the Baltics,CEB,2014,103459388
Central Europe and the Baltics,CEB,2015,103206007
Central Europe and the Baltics,CEB,2016,102926796
Central Europe and the Baltics,CEB,2017,102656954
Central Europe and the Baltics,CEB,2018,102439383
Central Europe and the Baltics,CEB,2019,102282674
Switzerland,CHE,2010,7824909
Switzerland,CHE,2011,7912398
Switzerland,CHE,2012,7996861
Switzerland,CHE,2013,8089346
Switzerland,CHE,2014,8188649
Switzerland,CHE,2015,8282396
Switzerland,CHE,2016,8373338
Switzerland,CHE,2017,8451840
Switzerland,CHE,2018,8514329
Switzerland,CHE,2019,8575280
Channel Islands,CHI,2010,158621
Channel Islands,CHI,2011,159706
Channel Islands,CHI,2012,160767
Channel Islands,CHI,2013,161777
Channel Islands,CHI,2014,162726
Channel Islands,CHI,2015,163454
Channel Islands,CHI,2016,163883
Channel Islands,CHI,2017,164319
Channel Islands,CHI,2018,164949
Channel Islands,CHI,2019,165639
Chile,CHL,2010,17181464
Chile,CHL,2011,17351816
Chile,CHL,2012,17519119
Chile,CHL,2013,17687006
Chile,CHL,2014,17864195
Chile,CHL,2015,18047625
Chile,CHL,2016,18267221
Chile,CHL,2017,18558868
Chile,CHL,2018,18893191
Chile,CHL,2019,19197744
China,CHN,2010,1337705000
China,CHN,2011,1345035000
China,CHN,2012,1354190000
China,CHN,2013,1363240000
China,CHN,2014,1371860000
China,CHN,2015,1379860000
China,CHN,2016,1387790000
China,CHN,2017,1396215000
China,CHN,2018,1402760000
China,CHN,2019,1407745000
Cote d'Ivoire,CIV,2010,22488065
Cote d'Ivoire,CIV,2011,22982000
Cote d'Ivoire,CIV,2012,23467078
Cote d'Ivoire,CIV,2013,23939775
Cote d'Ivoire,CIV,2014,24527395
Cote d'Ivoire,CIV,2015,25246342
Cote d'Ivoire,CIV,2016,25989405
Cote d'Ivoire,CIV,2017,26733372
Cote d'Ivoire,CIV,2018,27464173
Cote d'Ivoire,CIV,2019,28193009
Cameroon,CMR,2010,19668066
Cameroon,CMR,2011,20232304
Cameroon,CMR,2012,20809529
Cameroon,CMR,2013,21402376
Cameroon,CMR,2014,22059893
Cameroon,CMR,2015,22763414
Cameroon,CMR,2016,23454161
Cameroon,CMR,2017,24128601
Cameroon,CMR,2018,24806383
Cameroon,CMR,2019,25506095
"Congo, Dem. Rep.",COD,2010,68563038
"Congo, Dem. Rep.",COD,2011,70849311
"Congo, Dem. Rep.",COD,2012,73254618
"Congo, Dem. Rep.",COD,2013,75789395
"Congo, Dem. Rep.",COD,2014,78403242
"Congo, Dem. Rep.",COD,2015,81035531
"Congo, Dem. Rep.",COD,2016,83956415
"Congo, Dem. Rep.",COD,2017,87083398
"Congo, Dem. Rep.",COD,2018,90047644
"Congo, Dem. Rep.",COD,2019,92947442
"Congo, Rep.",COG,2010,4462290
"Congo, Rep.",COG,2011,4609724
"Congo, Rep.",COG,2012,4740450
"Congo, Rep.",COG,2013,4857099
"Congo, Rep.",COG,2014,4975880
"Congo, Rep.",COG,2015,5097581
"Congo, Rep.",COG,2016,5222536
"Congo, Rep.",COG,2017,5351011
"Congo, Rep.",COG,2018,5483118
"Congo, Rep.",COG,2019,5616661
Colombia,COL,2010,44777319
Colombia,COL,2011,45259614
Colombia,COL,2012,45715810
Colombia,COL,2013,46151584
Colombia,COL,2014,46565429
Colombia,COL,2015,46969940
Colombia,COL,2016,47437512
Colombia,COL,2017,48131078
Colombia,COL,2018,49024465
Colombia,COL,2019,49907985
Comoros,COM,2010,654836
Comoros,COM,2011,668056
Comoros,COM,2012,681630
Comoros,COM,2013,696192
Comoros,COM,2014,711503
Comoros,COM,2015,726682
Comoros,COM,2016,741741
Comoros,COM,2017,756669
Comoros,COM,2018,771590
Comoros,COM,2019,786578
Cabo Verde,CPV,2010,509784
Cabo Verde,CPV,2011,511447
Cabo Verde,CPV,2012,511955
Cabo Verde,CPV,2013,512225
Cabo Verde,CPV,2014,512326
Cabo Verde,CPV,2015,512394
Cabo Verde,CPV,2016,512554
Cabo Verde,CPV,2017,512893
Cabo Verde,CPV,2018,513415
Cabo Verde,CPV,2019,514104
Costa Rica,CRI,2010,4555962
Costa Rica,CRI,2011,4609833
Costa Rica,CRI,2012,4663934
Costa Rica,CRI,2013,4716147
Costa Rica,CRI,2014,4767119
Costa Rica,CRI,2015,4818038
Costa Rica,CRI,2016,4866998
Costa Rica,CRI,2017,4913177
Costa Rica,CRI,2018,4957818
Costa Rica,CRI,2019,4999553
Caribbean small states,CSS,2010,2855621
Caribbean small states,CSS,2011,2873088
Caribbean small states,CSS,2012,2893251
Caribbean small states,CSS,2013,2917125
Caribbean small states,CSS,2014,2941203
Caribbean small states,CSS,2015,2964524
Caribbean small states,CSS,2016,2987438
Caribbean small states,CSS,2017,3009507
Caribbean small states,CSS,2018,3048465
Caribbean small states,CSS,2019,3079149
Cuba,CUB,2010,11297409
Cuba,CUB,2011,11301571
Cuba,CUB,2012,11303175
Cuba,CUB,2013,11298167
Cuba,CUB,2014,11285775
Cuba,CUB,2015,11275065
Cuba,CUB,2016,11265612
Cuba,CUB,2017,11247829
Cuba,CUB,2018,11227118
Cuba,CUB,2019,11202846
Curacao,CUW,2010,148703
Curacao,CUW,2011,150831
Curacao,CUW,2012,152088
Curacao,CUW,2013,153822
Curacao,CUW,2014,155909
Curacao,CUW,2015,157980
Curacao,CUW,2016,159664
Curacao,CUW,2017,160175
Curacao,CUW,2018,159336
Curacao,CUW,2019,157441
Cayman Islands,CYM,2010,54099
Cayman Islands,CYM,2011,55606
Cayman Islands,CYM,2012,57136
Cayman Islands,CYM,2013,58655
Cayman Islands,CYM,2014,60160
Cayman Islands,CYM,2015,61642
Cayman Islands,CYM,2016,63100
Cayman Islands,CYM,2017,64535
Cayman Islands,CYM,2018,65941
Cayman Islands,CYM,2019,67327
Cyprus,CYP,2010,1127816
Cyprus,CYP,2011,1146493
Cyprus,CYP,2012,1165397
Cyprus,CYP,2013,1183895
Cyprus,CYP,2014,1201801
Cyprus,CYP,2015,1219502
Cyprus,CYP,2016,1237112
Cyprus,CYP,2017,1254275
Cyprus,CYP,2018,1270737
Cyprus,CYP,2019,1286671
Czechia,CZE,2010,10474410
Czechia,CZE,2011,10496088
Czechia,CZE,2012,10510785
Czechia,CZE,2013,10514272
Czechia,CZE,2014,10525347
Czechia,CZE,2015,10546059
Czechia,CZE,2016,10566332
Czechia,CZE,2017,10594438
Czechia,CZE,2018,10629928
Czechia,CZE,2019,10671870
Germany,DEU,2010,81776930
Germany,DEU,2011,80274983
Germany,DEU,2012,80425823
Germany,DEU,2013,80645605
Germany,DEU,2014,80982500
Germany,DEU,2015,81686611
Germany,DEU,2016,82348669
Germany,DEU,2017,82657002
Germany,DEU,2018,82905782
Germany,DEU,2019,83092962
Djibouti,DJI,2010,930251
Djibouti,DJI,2011,948558
Djibouti,DJI,2012,966747
Djibouti,DJI,2013,984824
Djibouti,DJI,2014,1002717
Djibouti,DJI,2015,1020313
Djibouti,DJI,2016,1037653
Djibouti,DJI,2017,1054841
Djibouti,DJI,2018,1071882
Djibouti,DJI,2019,1088709
Dominica,DMA,2010,68859
Dominica,DMA,2011,69053
Dominica,DMA,2012,69118
Dominica,DMA,2013,69715
Dominica,DMA,2014,70373
Dominica,DMA,2015,70410
Dominica,DMA,2016,69606
Dominica,DMA,2017,68496
Dominica,DMA,2018,68174
Dominica,DMA,2019,67880
Denmark,DNK,2010,5547683
Denmark,DNK,2011,5570572
Denmark,DNK,2012,5591572
Denmark,DNK,2013,5614932
Denmark,DNK,2014,5643475
Denmark,DNK,2015,5683483
Denmark,DNK,2016,5728010
Denmark,DNK,2017,5764980
Denmark,DNK,2018,5793636
Denmark,DNK,2019,5814422
Dominican Republic,DOM,2010,9820175
Dominican Republic,DOM,2011,9945621
Dominican Republic,DOM,2012,10070411
Dominican Republic,DOM,2013,10193833
Dominican Republic,DOM,2014,10315528
Dominican Republic,DOM,2015,10434829
Dominican Republic,DOM,2016,10551430
Dominican Republic,DOM,2017,10666843
Dominican Republic,DOM,2018,10782053
Dominican Republic,DOM,2019,10894043
Algeria,DZA,2010,36188236
Algeria,DZA,2011,36903376
Algeria,DZA,2012,37646166
Algeria,DZA,2013,38414171
Algeria,DZA,2014,39205031
Algeria,DZA,2015,40019529
Algeria,DZA,2016,40850721
Algeria,DZA,2017,41689299
Algeria,DZA,2018,42505035
Algeria,DZA,2019,43294546
East Asia & Pacific (excluding high income),EAP,2010,1973602166
East Asia & Pacific (excluding high income),EAP,2011,1989106668
East Asia & Pacific (excluding high income),EAP,2012,2006566431
East Asia & Pacific (excluding high income),EAP,2013,2023850158
East Asia & Pacific (excluding high income),EAP,2014,2040383789
East Asia & Pacific (excluding high income),EAP,2015,2056050896
East Asia & Pacific (excluding high income),EAP,2016,2071486140
East Asia & Pacific (excluding high income),EAP,2017,2087238522
East Asia & Pacific (excluding high income),EAP,2018,2100698838
East Asia & Pacific (excluding high income),EAP,2019,2112289891
Early-demographic dividend,EAR,2010,2967104472
Early-demographic dividend,EAR,2011,3013476947
Early-demographic dividend,EAR,2012,3058869436
Early-demographic dividend,EAR,2013,3103677284
Early-demographic dividend,EAR,2014,3146800078
Early-demographic dividend,EAR,2015,3190318707
Early-demographic dividend,EAR,2016,3233033717
Early-demographic dividend,EAR,2017,3274060446
Early-demographic dividend,EAR,2018,3314245247
Early-demographic dividend,EAR,2019,3355014793
East Asia & Pacific,EAS,2010,2214613815
East Asia & Pacific,EAS,2011,2230826576
East Asia & Pacific,EAS,2012,2249081393
East Asia & Pacific,EAS,2013,2267072102
East Asia & Pacific,EAS,2014,2284385542
East Asia & Pacific,EAS,2015,2300844269
East Asia & Pacific,EAS,2016,2317076058
East Asia & Pacific,EAS,2017,2333475520
East Asia & Pacific,EAS,2018,2347576325
East Asia & Pacific,EAS,2019,2359771090
Europe & Central Asia (excluding high income),ECA,2010,230106440
Europe & Central Asia (excluding high income),ECA,2011,231988171
Europe & Central Asia (excluding high income),ECA,2012,233914075
Europe & Central Asia (excluding high income),ECA,2013,235981960
Europe & Central Asia (excluding high income),ECA,2014,238112723
Europe & Central Asia (excluding high income),ECA,2015,240230296
Europe & Central Asia (excluding high income),ECA,2016,242407763
Europe & Central Asia (excluding high income),ECA,2017,244530211
Europe & Central Asia (excluding high income),ECA,2018,246654915
Europe & Central Asia (excluding high income),ECA,2019,248858341
Europe & Central Asia,ECS,2010,890448752
Europe & Central Asia,ECS,2011,892361936
Europe & Central Asia,ECS,2012,895889705
Europe & Central Asia,ECS,2013,900033335
Europe & Central Asia,ECS,2014,904324263
Europe & Central Asia,ECS,2015,908458970
Europe & Central Asia,ECS,2016,912576858
Europe & Central Asia,ECS,2017,916236104
Europe & Central Asia,ECS,2018,919738352
Europe & Central Asia,ECS,2019,922811778
Ecuador,ECU,2010,15076695
Ecuador,ECU,2011,15326227
Ecuador,ECU,2012,15572194
Ecuador,ECU,2013,15807128
Ecuador,ECU,2014,16035124
Ecuador,ECU,2015,16266225
Ecuador,ECU,2016,16505139
Ecuador,ECU,2017,16759519
Ecuador,ECU,2018,17049547
Ecuador,ECU,2019,17340021
"Egypt, Arab Rep.",EGY,2010,89196072
"Egypt, Arab Rep.",EGY,2011,91093059
"Egypt, Arab Rep.",EGY,2012,93161001
"Egypt, Arab Rep.",EGY,2013,95333553
"Egypt, Arab Rep.",EGY,2014,97528654
"Egypt, Arab Rep.",EGY,2015,99597342
"Egypt, Arab Rep.",EGY,2016,101644589
"Egypt, Arab Rep.",EGY,2017,103696057
"Egypt, Arab Rep.",EGY,2018,105682094
"Egypt, Arab Rep.",EGY,2019,107553158
Euro area,EMU,2010,340460814
Euro area,EMU,2011,339719975
Euro area,EMU,2012,340447763
Euro area,EMU,2013,341575309
Euro area,EMU,2014,342713336
Euro area,EMU,2015,343698622
Euro area,EMU,2016,344655545
Euro area,EMU,2017,345333240
Euro area,EMU,2018,346105839
Euro area,EMU,2019,346454019
Eritrea,ERI,2010,2945186
Eritrea,ERI,2011,2998485
Eritrea,ERI,2012,3036988
Eritrea,ERI,2013,3074360
Eritrea,ERI,2014,3095173
Eritrea,ERI,2015,3105546
Eritrea,ERI,2016,3124698
Eritrea,ERI,2017,3150347
Eritrea,ERI,2018,3192760
Eritrea,ERI,2019,3240194
Spain,ESP,2010,46576897
Spain,ESP,2011,46742697
Spain,ESP,2012,46773055
Spain,ESP,2013,46620045
Spain,ESP,2014,46480882
Spain,ESP,2015,46444832
Spain,ESP,2016,46484062
Spain,ESP,2017,46593236
Spain,ESP,2018,46797754
Spain,ESP,2019,47134837
Estonia,EST,2010,1331475
Estonia,EST,2011,1327439
Estonia,EST,2012,1322696
Estonia,EST,2013,1317997
Estonia,EST,2014,1314545
Estonia,EST,2015,1315407
Estonia,EST,2016,1315790
Estonia,EST,2017,1317384
Estonia,EST,2018,1321977
Estonia,EST,2019,1326898
Ethiopia,ETH,2010,90538514
Ethiopia,ETH,2011,93149970
Ethiopia,ETH,2012,95798767
Ethiopia,ETH,2013,98438751
Ethiopia,ETH,2014,101115610
Ethiopia,ETH,2015,103867135
Ethiopia,ETH,2016,106718162
Ethiopia,ETH,2017,109666481
Ethiopia,ETH,2018,112664152
Ethiopia,ETH,2019,115737383
European Union,EUU,2010,441546320
European Union,EUU,2011,440766686
European Union,EUU,2012,441416943
European Union,EUU,2013,442486978
European Union,EUU,2014,443589388
European Union,EUU,2015,444550397
European Union,EUU,2016,445487171
European Union,EUU,2017,446177810
European Union,EUU,2018,446953938
European Union,EUU,2019,447303223
Fragile and conflict affected situations,FCS,2010,793160547
Fragile and conflict affected situations,FCS,2011,812764221
Fragile and conflict affected situations,FCS,2012,832872724
Fragile and conflict affected situations,FCS,2013,853223055
Fragile and conflict affected situations,FCS,2014,873158163
Fragile and conflict affected situations,FCS,2015,892657785
Fragile and conflict affected situations,FCS,2016,912614026
Fragile and conflict affected situations,FCS,2017,933013886
Fragile and conflict affected situations,FCS,2018,953648681
Fragile and conflict affected situations,FCS,2019,974824119
Finland,FIN,2010,5363352
Finland,FIN,2011,5388272
Finland,FIN,2012,5413971
Finland,FIN,2013,5438972
Finland,FIN,2014,5461512
Finland,FIN,2015,5479531
Finland,FIN,2016,5495303
Finland,FIN,2017,5508214
Finland,FIN,2018,5515525
Finland,FIN,2019,5521606
Fiji,FJI,2010,910419
Fiji,FJI,2011,912989
Fiji,FJI,2012,914918
Fiji,FJI,2013,916352
Fiji,FJI,2014,917585
Fiji,FJI,2015,918578
Fiji,FJI,2016,919166
Fiji,FJI,2017,918759
Fiji,FJI,2018,917180
Fiji,FJI,2019,914899
France,FRA,2010,65026211
France,FRA,2011,65340830
France,FRA,2012,65657659
France,FRA,2013,65997932
France,FRA,2014,66312067
France,FRA,2015,66548272
France,FRA,2016,66724104
France,FRA,2017,66918020
France,FRA,2018,67158348
France,FRA,2019,67382061
Faroe Islands,FRO,2010,48657
Faroe Islands,FRO,2011,48543
Faroe Islands,FRO,2012,48291
Faroe Islands,FRO,2013,48246
Faroe Islands,FRO,2014,48428
Faroe Islands,FRO,2015,48901
Faroe Islands,FRO,2016,49464
Faroe Islands,FRO,2017,50182
Faroe Islands,FRO,2018,50998
Faroe Islands,FRO,2019,51795
"Micronesia, Fed. Sts.",FSM,2010,107540
"Micronesia, Fed. Sts.",FSM,2011,107698
"Micronesia, Fed. Sts.",FSM,2012,107890
"Micronesia, Fed. Sts.",FSM,2013,108121
"Micronesia, Fed. Sts.",FSM,2014,108396
"Micronesia, Fed. Sts.",FSM,2015,108716
"Micronesia, Fed. Sts.",FSM,2016,109075
"Micronesia, Fed. Sts.",FSM,2017,109481
"Micronesia, Fed. Sts.",FSM,2018,109909
"Micronesia, Fed. Sts.",FSM,2019,110282
Gabon,GAB,2010,1719879
Gabon,GAB,2011,1781985
Gabon,GAB,2012,1846889
Gabon,GAB,2013,1913059
Gabon,GAB,2014,1978399
Gabon,GAB,2015,2040989
Gabon,GAB,2016,2100306
Gabon,GAB,2017,2156900
Gabon,GAB,2018,2212318
Gabon,GAB,2019,2267706
United Kingdom,GBR,2010,62766365
United Kingdom,GBR,2011,63258810
United Kingdom,GBR,2012,63700215
United Kingdom,GBR,2013,64128273
United Kingdom,GBR,2014,64602298
United Kingdom,GBR,2015,65116219
United Kingdom,GBR,2016,65611593
United Kingdom,GBR,2017,66058859
United Kingdom,GBR,2018,66460344
United Kingdom,GBR,2019,66836327
Georgia,GEO,2010,3786695
Georgia,GEO,2011,3756441
Georgia,GEO,2012,3728874
Georgia,GEO,2013,3717668
Georgia,GEO,2014,3719414
Georgia,GEO,2015,3725276
Georgia,GEO,2016,3727505
Georgia,GEO,2017,3728004
Georgia,GEO,2018,3726549
Georgia,GEO,2019,3720161
Ghana,GHA,2010,25474995
Ghana,GHA,2011,26095088
Ghana,GHA,2012,26734268
Ghana,GHA,2013,27386193
Ghana,GHA,2014,28041592
Ghana,GHA,2015,28696068
Ghana,GHA,2016,29356742
Ghana,GHA,2017,30008354
Ghana,GHA,2018,30637585
Ghana,GHA,2019,31258945
Gibraltar,GIB,2010,31248
Gibraltar,GIB,2011,31660
Gibraltar,GIB,2012,32029
Gibraltar,GIB,2013,32407
Gibraltar,GIB,2014,32813
Gibraltar,GIB,2015,33193
Gibraltar,GIB,2016,33658
Gibraltar,GIB,2017,34245
Gibraltar,GIB,2018,34854
Gibraltar,GIB,2019,35494
Guinea,GIN,2010,10396086
Guinea,GIN,2011,10656810
Guinea,GIN,2012,10921581
Guinea,GIN,2013,11191873
Guinea,GIN,2014,11472924
Guinea,GIN,2015,11767070
Guinea,GIN,2016,12073030
Guinea,GIN,2017,12385659
Guinea,GIN,2018,12704774
Guinea,GIN,2019,13034346
"Gambia, The",GMB,2010,1926630
"Gambia, The",GMB,2011,1983784
"Gambia, The",GMB,2012,2043094
"Gambia, The",GMB,2013,2103820
"Gambia, The",GMB,2014,2164528
"Gambia, The",GMB,2015,2224529
"Gambia, The",GMB,2016,2283769
"Gambia, The",GMB,2017,2342189
"Gambia, The",GMB,2018,2399632
"Gambia, The",GMB,2019,2456844
Guinea-Bissau,GNB,2010,1566347
Guinea-Bissau,GNB,2011,1608076
Guinea-Bissau,GNB,2012,1651417
Guinea-Bissau,GNB,2013,1695973
Guinea-Bissau,GNB,2014,1741122
Guinea-Bissau,GNB,2015,1786457
Guinea-Bissau,GNB,2016,1831893
Guinea-Bissau,GNB,2017,1877072
Guinea-Bissau,GNB,2018,1922168
Guinea-Bissau,GNB,2019,1967696
Equatorial Guinea,GNQ,2010,1189085
Equatorial Guinea,GNQ,2011,1241835
Equatorial Guinea,GNQ,2012,1293483
Equatorial Guinea,GNQ,2013,1346218
Equatorial Guinea,GNQ,2014,1399828
Equatorial Guinea,GNQ,2015,1453923
Equatorial Guinea,GNQ,2016,1508186
Equatorial Guinea,GNQ,2017,1562396
Equatorial Guinea,GNQ,2018,1616422
Equatorial Guinea,GNQ,2019,1670177
Greece,GRC,2010,11121341
Greece,GRC,2011,11104899
Greece,GRC,2012,11045011
Greece,GRC,2013,10965211
Greece,GRC,2014,10892413
Greece,GRC,2015,10820883
Greece,GRC,2016,10775971
Greece,GRC,2017,10754679
Greece,GRC,2018,10732882
Greece,GRC,2019,10721582
Grenada,GRD,2010,111586
Grenada,GRD,2011,112079
Grenada,GRD,2012,112775
Grenada,GRD,2013,113487
Grenada,GRD,2014,114132
Grenada,GRD,2015,114676
Grenada,GRD,2016,115130
Grenada,GRD,2017,115438
Grenada,GRD,2018,115691
Grenada,GRD,2019,115981
Greenland,GRL,2010,56905
Greenland,GRL,2011,56890
Greenland,GRL,2012,56810
Greenland,GRL,2013,56483
Greenland,GRL,2014,56295
Greenland,GRL,2015,56114
Greenland,GRL,2016,56186
Greenland,GRL,2017,56172
Greenland,GRL,2018,56023
Greenland,GRL,2019,56225
Guatemala,GTM,2010,14500112
Guatemala,GTM,2011,14792126
Guatemala,GTM,2012,15089647
Guatemala,GTM,2013,15387337
Guatemala,GTM,2014,15681725
Guatemala,GTM,2015,15971743
Guatemala,GTM,2016,16268760
Guatemala,GTM,2017,16567357
Guatemala,GTM,2018,16845685
Guatemala,GTM,2019,17103803
Guam,GUM,2010,166522
Guam,GUM,2011,166543
Guam,GUM,2012,166331
Guam,GUM,2013,165966
Guam,GUM,2014,165486
Guam,GUM,2015,164905
Guam,GUM,2016,164233
Guam,GUM,2017,163490
Guam,GUM,2018,162679
Guam,GUM,2019,161808
Guyana,GUY,2010,749256
Guyana,GUY,2011,746153
Guyana,GUY,2012,746288
Guyana,GUY,2013,750021
Guyana,GUY,2014,754229
Guyana,GUY,2015,758781
Guyana,GUY,2016,763548
Guyana,GUY,2017,768479
Guyana,GUY,2018,791556
Guyana,GUY,2019,807665
High income,HIC,2010,1323506149
High income,HIC,2011,1329029726
High income,HIC,2012,1336612791
High income,HIC,2013,1344779557
High income,HIC,2014,1352458637
High income,HIC,2015,1360842914
High income,HIC,2016,1368877184
High income,HIC,2017,1374784294
High income,HIC,2018,1379152141
High income,HIC,2019,1383372477
"Hong Kong SAR, China",HKG,2010,7024200
"Hong Kong SAR, China",HKG,2011,7071600
"Hong Kong SAR, China",HKG,2012,7150100
"Hong Kong SAR, China",HKG,2013,7178900
"Hong Kong SAR, China",HKG,2014,7229500
"Hong Kong SAR, China",HKG,2015,7291300
"Hong Kong SAR, China",HKG,2016,7336600
"Hong Kong SAR, China",HKG,2017,7393200
"Hong Kong SAR, China",HKG,2018,7452600
"Hong Kong SAR, China",HKG,2019,7507900
Honduras,HND,2010,8365878
Honduras,HND,2011,8540583
Honduras,HND,2012,8715076
Honduras,HND,2013,8889278
Honduras,HND,2014,9063122
Honduras,HND,2015,9237305
Honduras,HND,2016,9412380
Honduras,HND,2017,9588137
Honduras,HND,2018,9765210
Honduras,HND,2019,9943633
Heavily indebted poor countries (HIPC),HPC,2010,638796398
Heavily indebted poor countries (HIPC),HPC,2011,656783491
Heavily indebted poor countries (HIPC),HPC,2012,675397557
Heavily indebted poor countries (HIPC),HPC,2013,694622934
Heavily indebted poor countries (HIPC),HPC,2014,714769441
Heavily indebted poor countries (HIPC),HPC,2015,735429414
Heavily indebted poor countries (HIPC),HPC,2016,756895035
Heavily indebted poor countries (HIPC),HPC,2017,779389964
Heavily indebted poor countries (HIPC),HPC,2018,802020674
Heavily indebted poor countries (HIPC),HPC,2019,824649053
Croatia,HRV,2010,4295427
Croatia,HRV,2011,4280622
Croatia,HRV,2012,4260368
Croatia,HRV,2013,4233922
Croatia,HRV,2014,4201598
Croatia,HRV,2015,4151725
Croatia,HRV,2016,4106867
Croatia,HRV,2017,4041407
Croatia,HRV,2018,3988775
Croatia,HRV,2019,3949390
Haiti,HTI,2010,9803294
Haiti,HTI,2011,9914904
Haiti,HTI,2012,10069771
Haiti,HTI,2013,10222362
Haiti,HTI,2014,10373235
Haiti,HTI,2015,10523242
Haiti,HTI,2016,10671457
Haiti,HTI,2017,10817754
Haiti,HTI,2018,10962362
Haiti,HTI,2019,11105163
Hungary,HUN,2010,10000023
Hungary,HUN,2011,9971727
Hungary,HUN,2012,9920362
Hungary,HUN,2013,9893082
Hungary,HUN,2014,9866468
Hungary,HUN,2015,9843028
Hungary,HUN,2016,9814023
Hungary,HUN,2017,9787966
Hungary,HUN,2018,9775564
Hungary,HUN,2019,9771141
IBRD only,IBD,2010,4436714947
IBRD only,IBD,2011,4483152361
IBRD only,IBD,2012,4532139461
IBRD only,IBD,2013,4582140476
IBRD only,IBD,2014,4630871647
IBRD only,IBD,2015,4677114235
IBRD only,IBD,2016,4721984235
IBRD only,IBD,2017,4766267453
IBRD only,IBD,2018,4807550491
IBRD only,IBD,2019,4845715724
IDA & IBRD total,IBT,2010,5876645582
IDA & IBRD total,IBT,2011,5956718726
IDA & IBRD total,IBT,2012,6038997419
IDA & IBRD total,IBT,2013,6120638810
IDA & IBRD total,IBT,2014,6201871546
IDA & IBRD total,IBT,2015,6281302513
IDA & IBRD total,IBT,2016,6360570925
IDA & IBRD total,IBT,2017,6440496862
IDA & IBRD total,IBT,2018,6518627024
IDA & IBRD total,IBT,2019,6594857152
IDA total,IDA,2010,1439930635
IDA total,IDA,2011,1473566365
IDA total,IDA,2012,1506857958
IDA total,IDA,2013,1538498334
IDA total,IDA,2014,1570999899
IDA total,IDA,2015,1604188278
IDA total,IDA,2016,1638586690
IDA total,IDA,2017,1674229409
IDA total,IDA,2018,1711076533
IDA total,IDA,2019,1749141428
IDA blend,IDB,2010,485934443
IDA blend,IDB,2011,498002443
IDA blend,IDB,2012,509513096
IDA blend,IDB,2013,520502873
IDA blend,IDB,2014,531341156
IDA blend,IDB,2015,541987714
IDA blend,IDB,2016,552474265
IDA blend,IDB,2017,563290702
IDA blend,IDB,2018,574487740
IDA blend,IDB,2019,585824310
Indonesia,IDN,2010,246305322
Indonesia,IDN,2011,249470032
Indonesia,IDN,2012,252698525
Indonesia,IDN,2013,255852467
Indonesia,IDN,2014,258877399
Indonesia,IDN,2015,261799249
Indonesia,IDN,2016,264627418
Indonesia,IDN,2017,267346658
Indonesia,IDN,2018,269951846
Indonesia,IDN,2019,272489381
IDA only,IDX,2010,953996192
IDA only,IDX,2011,975563922
IDA only,IDX,2012,997344862
IDA only,IDX,2013,1017995461
IDA only,IDX,2014,1039658743
IDA only,IDX,2015,1062200564
IDA only,IDX,2016,1086112425
IDA only,IDX,2017,1110938707
IDA only,IDX,2018,1136588793
IDA only,IDX,2019,1163317118
Isle of Man,IMN,2010,83873
Isle of Man,IMN,2011,84382
Isle of Man,IMN,2012,84335
Isle of Man,IMN,2013,84141
Isle of Man,IMN,2014,83892
Isle of Man,IMN,2015,83593
Isle of Man,IMN,2016,83466
Isle of Man,IMN,2017,83609
Isle of Man,IMN,2018,83805
Isle of Man,IMN,2019,83957
India,IND,2010,1243481564
India,IND,2011,1261224954
India,IND,2012,1278674502
India,IND,2013,1295829511
India,IND,2014,1312277191
India,IND,2015,1328024498
India,IND,2016,1343944296
India,IND,2017,1359657400
India,IND,2018,1374659064
India,IND,2019,1389030312
Ireland,IRL,2010,4560155
Ireland,IRL,2011,4580084
Ireland,IRL,2012,4599533
Ireland,IRL,2013,4623816
Ireland,IRL,2014,4657740
Ireland,IRL,2015,4701957
Ireland,IRL,2016,4755335
Ireland,IRL,2017,4807388
Ireland,IRL,2018,4867316
Ireland,IRL,2019,4934340
"Iran, Islamic Rep.",IRN,2010,77420842
"Iran, Islamic Rep.",IRN,2011,78383598
"Iran, Islamic Rep.",IRN,2012,79370580
"Iran, Islamic Rep.",IRN,2013,80414686
"Iran, Islamic Rep.",IRN,2014,81502045
"Iran, Islamic Rep.",IRN,2015,82619362
"Iran, Islamic Rep.",IRN,2016,83812228
"Iran, Islamic Rep.",IRN,2017,85026754
"Iran, Islamic Rep.",IRN,2018,86117998
"Iran, Islamic Rep.",IRN,2019,87051648
Iraq,IRQ,2010,31045366
Iraq,IRQ,2011,32161424
Iraq,IRQ,2012,33654842
Iraq,IRQ,2013,35281989
Iraq,IRQ,2014,36550059
Iraq,IRQ,2015,37560535
Iraq,IRQ,2016,38469627
Iraq,IRQ,2017,39337353
Iraq,IRQ,2018,40265624
Iraq,IRQ,2019,41192171
Iceland,ISL,2010,318041
Iceland,ISL,2011,319014
Iceland,ISL,2012,320716
Iceland,ISL,2013,323764
Iceland,ISL,2014,327386
Iceland,ISL,2015,330815
Iceland,ISL,2016,335439
Iceland,ISL,2017,343400
Iceland,ISL,2018,352721
Iceland,ISL,2019,360563
Israel,ISR,2010,7623600
Israel,ISR,2011,7765800
Israel,ISR,2012,7910500
Israel,ISR,2013,8059500
Israel,ISR,2014,8215700
Israel,ISR,2015,8380100
Israel,ISR,2016,8546000
Israel,ISR,2017,8713300
Israel,ISR,2018,8882800
Israel,ISR,2019,9054000
Italy,ITA,2010,59277417
Italy,ITA,2011,59379449
Italy,ITA,2012,59539717
Italy,ITA,2013,60233948
Italy,ITA,2014,60789140
Italy,ITA,2015,60730582
Italy,ITA,2016,60627498
Italy,ITA,2017,60536709
Italy,ITA,2018,60421760
Italy,ITA,2019,59729081
Jamaica,JAM,2010,2748568
Jamaica,JAM,2011,2760494
Jamaica,JAM,2012,2772430
Jamaica,JAM,2013,2783687
Jamaica,JAM,2014,2793749
Jamaica,JAM,2015,2802534
Jamaica,JAM,2016,2809915
Jamaica,JAM,2017,2815764
Jamaica,JAM,2018,2820097
Jamaica,JAM,2019,2823271
Jordan,JOR,2010,7297043
Jordan,JOR,2011,7480424
Jordan,JOR,2012,7587127
Jordan,JOR,2013,7991809
Jordan,JOR,2014,8791710
Jordan,JOR,2015,9544729
Jordan,JOR,2016,10006367
Jordan,JOR,2017,10234226
Jordan,JOR,2018,10462306
Jordan,JOR,2019,10671891
Japan,JPN,2010,128070000
Japan,JPN,2011,127833000
Japan,JPN,2012,127629000
Japan,JPN,2013,127445000
Japan,JPN,2014,127276000
Japan,JPN,2015,127141000
Japan,JPN,2016,127076000
Japan,JPN,2017,126972000
Japan,JPN,2018,126811000
Japan,JPN,2019,126633000
Kazakhstan,KAZ,2010,16836810
Kazakhstan,KAZ,2011,17066002
Kazakhstan,KAZ,2012,17306106
Kazakhstan,KAZ,2013,17556502
Kazakhstan,KAZ,2014,17816285
Kazakhstan,KAZ,2015,18084169
Kazakhstan,KAZ,2016,18363600
Kazakhstan,KAZ,2017,18651931
Kazakhstan,KAZ,2018,18932727
Kazakhstan,KAZ,2019,19209555
Kenya,KEN,2010,41598567
Kenya,KEN,2011,42758461
Kenya,KEN,2012,43888303
Kenya,KEN,2013,44986791
Kenya,KEN,2014,46051440
Kenya,KEN,2015,47088526
Kenya,KEN,2016,48139687
Kenya,KEN,2017,49197766
Kenya,KEN,2018,50207107
Kenya,KEN,2019,51202827
Kyrgyz Republic,KGZ,2010,5467059
Kyrgyz Republic,KGZ,2011,5546586
Kyrgyz Republic,KGZ,2012,5652076
Kyrgyz Republic,KGZ,2013,5777150
Kyrgyz Republic,KGZ,2014,5905847
Kyrgyz Republic,KGZ,2015,6040035
Kyrgyz Republic,KGZ,2016,6175337
Kyrgyz Republic,KGZ,2017,6306695
Kyrgyz Republic,KGZ,2018,6444078
Kyrgyz Republic,KGZ,2019,6590211
Cambodia,KHM,2010,14500726
Cambodia,KHM,2011,14722584
Cambodia,KHM,2012,14945085
Cambodia,KHM,2013,15170208
Cambodia,KHM,2014,15396772
Cambodia,KHM,2015,15623251
Cambodia,KHM,2016,15852803
Cambodia,KHM,2017,16073372
Cambodia,KHM,2018,16274522
Cambodia,KHM,2019,16481304
Kiribati,KIR,2010,108704
Kiribati,KIR,2011,110647
Kiribati,KIR,2012,112284
Kiribati,KIR,2013,113838
Kiribati,KIR,2014,115326
Kiribati,KIR,2015,116815
Kiribati,KIR,2016,118478
Kiribati,KIR,2017,120275
Kiribati,KIR,2018,122084
Kiribati,KIR,2019,123921
St. Kitts and Nevis,KNA,2010,46846
St. Kitts and Nevis,KNA,2011,46886
St. Kitts and Nevis,KNA,2012,47033
St. Kitts and Nevis,KNA,2013,47069
St. Kitts and Nevis,KNA,2014,47089
St. Kitts and Nevis,KNA,2015,47087
St. Kitts and Nevis,KNA,2016,47075
St. Kitts and Nevis,KNA,2017,47050
St. Kitts and Nevis,KNA,2018,47008
St. Kitts and Nevis,KNA,2019,46952
"Korea, Rep.",KOR,2010,49554112
"Korea, Rep.",KOR,2011,49936638
"Korea, Rep.",KOR,2012,50199853
"Korea, Rep.",KOR,2013,50428893
"Korea, Rep.",KOR,2014,50746659
"Korea, Rep.",KOR,2015,51014947
"Korea, Rep.",KOR,2016,51217803
"Korea, Rep.",KOR,2017,51361911
"Korea, Rep.",KOR,2018,51585058
"Korea, Rep.",KOR,2019,51764822
Kuwait,KWT,2010,2943372
Kuwait,KWT,2011,3132814
Kuwait,KWT,2012,3337109
Kuwait,KWT,2013,3507844
Kuwait,KWT,2014,3665876
Kuwait,KWT,2015,3834574
Kuwait,KWT,2016,4004096
Kuwait,KWT,2017,4154812
Kuwait,KWT,2018,4323515
Kuwait,KWT,2019,4442316
Latin America & Caribbean (excluding high income),LAC,2010,527703442
Latin America & Caribbean (excluding high income),LAC,2011,533432539
Latin America & Caribbean (excluding high income),LAC,2012,539167194
Latin America & Caribbean (excluding high income),LAC,2013,544834859
Latin America & Caribbean (excluding high income),LAC,2014,550428711
Latin America & Caribbean (excluding high income),LAC,2015,555893183
Latin America & Caribbean (excluding high income),LAC,2016,561307280
Latin America & Caribbean (excluding high income),LAC,2017,566870356
Latin America & Caribbean (excluding high income),LAC,2018,572668977
Latin America & Caribbean (excluding high income),LAC,2019,578311232
Lao PDR,LAO,2010,6334194
Lao PDR,LAO,2011,6426590
Lao PDR,LAO,2012,6518978
Lao PDR,LAO,2013,6611385
Lao PDR,LAO,2014,6703172
Lao PDR,LAO,2015,6801645
Lao PDR,LAO,2016,6908802
Lao PDR,LAO,2017,7018147
Lao PDR,LAO,2018,7128045
Lao PDR,LAO,2019,7237636
Lebanon,LBN,2010,5041288
Lebanon,LBN,2011,5096020
Lebanon,LBN,2012,5235742
Lebanon,LBN,2013,5743436
Lebanon,LBN,2014,6346990
Lebanon,LBN,2015,6472469
Lebanon,LBN,2016,6323060
Lebanon,LBN,2017,6160128
Lebanon,LBN,2018,5984119
Lebanon,LBN,2019,5794594
Liberia,LBR,2010,4058890
Liberia,LBR,2011,4221178
Liberia,LBR,2012,4373043
Liberia,LBR,2013,4470239
Liberia,LBR,2014,4564293
Liberia,LBR,2015,4659431
Liberia,LBR,2016,4755608
Liberia,LBR,2017,4848925
Liberia,LBR,2018,4944726
Liberia,LBR,2019,5043721
Libya,LBY,2010,6497839
Libya,LBY,2011,6343203
Libya,LBY,2012,6179328
Libya,LBY,2013,6304628
Libya,LBY,2014,6427252
Libya,LBY,2015,6531819
Libya,LBY,2016,6632126
Libya,LBY,2017,6738770
Libya,LBY,2018,6849055
Libya,LBY,2019,6951033
St. Lucia,LCA,2010,170906
St. Lucia,LCA,2011,171801
St. Lucia,LCA,2012,172587
St. Lucia,LCA,2013,173369
St. Lucia,LCA,2014,174138
St. Lucia,LCA,2015,174905
St. Lucia,LCA,2016,175646
St. Lucia,LCA,2017,176342
St. Lucia,LCA,2018,177017
St. Lucia,LCA,2019,177661
Latin America & Caribbean,LCN,2010,587749565
Latin America & Caribbean,LCN,2011,594072097
Latin America & Caribbean,LCN,2012,600393759
Latin America & Caribbean,LCN,2013,606644957
Latin America & Caribbean,LCN,2014,612799258
Latin America & Caribbean,LCN,2015,618806527
Latin America & Caribbean,LCN,2016,624664026
Latin America & Caribbean,LCN,2017,630329435
Latin America & Caribbean,LCN,2018,635680745
Latin America & Caribbean,LCN,2019,640853375
Least developed countries: UN classification,LDC,2010,855348118
Least developed countries: UN classification,LDC,2011,875685078
Least developed countries: UN classification,LDC,2012,896684951
Least developed countries: UN classification,LDC,2013,918269633
Least developed countries: UN classification,LDC,2014,940284138
Least developed countries: UN classification,LDC,2015,962508256
Least developed countries: UN classification,LDC,2016,985414939
Least developed countries: UN classification,LDC,2017,1008993468
Least developed countries: UN classification,LDC,2018,1033110314
Least developed countries: UN classification,LDC,2019,1058013514
Low income,LIC,2010,520054110
Low income,LIC,2011,534808724
Low income,LIC,2012,549451656
Low income,LIC,2013,563526633
Low income,LIC,2014,577586377
Low income,LIC,2015,592175402
Low income,LIC,2016,607867476
Low income,LIC,2017,624557000
Low income,LIC,2018,642186195
Low income,LIC,2019,660718366
Liechtenstein,LIE,2010,36022
Liechtenstein,LIE,2011,36312
Liechtenstein,LIE,2012,36657
Liechtenstein,LIE,2013,36984
Liechtenstein,LIE,2014,37248
Liechtenstein,LIE,2015,37494
Liechtenstein,LIE,2016,37716
Liechtenstein,LIE,2017,37962
Liechtenstein,LIE,2018,38246
Liechtenstein,LIE,2019,38563
Sri Lanka,LKA,2010,20879089
Sri Lanka,LKA,2011,21009048
Sri Lanka,LKA,2012,21169458
Sri Lanka,LKA,2013,20585000
Sri Lanka,LKA,2014,20778000
Sri Lanka,LKA,2015,20970000
Sri Lanka,LKA,2016,21209000
Sri Lanka,LKA,2017,21444000
Sri Lanka,LKA,2018,21670000
Sri Lanka,LKA,2019,21803000
Lower middle income,LMC,2010,2548857608
Lower middle income,LMC,2011,2592374919
Lower middle income,LMC,2012,2635615131
Lower middle income,LMC,2013,2678274094
Lower middle income,LMC,2014,2721462078
Lower middle income,LMC,2015,2763351401
Lower middle income,LMC,2016,2804867051
Lower middle income,LMC,2017,2846133568
Lower middle income,LMC,2018,2886705487
Lower middle income,LMC,2019,2926690682
Low & middle income,LMY,2010,5648351983
Low & middle income,LMY,2011,5727986725
Low & middle income,LMY,2012,5809649768
Low & middle income,LMY,2013,5890623212
Low & middle income,LMY,2014,5971198209
Low & middle income,LMY,2015,6050054834
Low & middle income,LMY,2016,6128880429
Low & middle income,LMY,2017,6208763934
Low & middle income,LMY,2018,6287535114
Low & middle income,LMY,2019,6364581440
Lesotho,LSO,2010,1996251
Lesotho,LSO,2011,2014009
Lesotho,LSO,2012,2034354
Lesotho,LSO,2013,2056504
Lesotho,LSO,2014,2080089
Lesotho,LSO,2015,2104611
Lesotho,LSO,2016,2130422
Lesotho,LSO,2017,2157110
Lesotho,LSO,2018,2183603
Lesotho,LSO,2019,2209405
Late-demographic dividend,LTE,2010,2179522412
Late-demographic dividend,LTE,2011,2193156337
Late-demographic dividend,LTE,2012,2209331950
Late-demographic dividend,LTE,2013,2225043647
Late-demographic dividend,LTE,2014,2241185411
Late-demographic dividend,LTE,2015,2256211694
Late-demographic dividend,LTE,2016,2270944240
Late-demographic dividend,LTE,2017,2285977088
Late-demographic dividend,LTE,2018,2298520431
Late-demographic dividend,LTE,2019,2309008599
Lithuania,LTU,2010,3097282
Lithuania,LTU,2011,3028115
Lithuania,LTU,2012,2987773
Lithuania,LTU,2013,2957689
Lithuania,LTU,2014,2932367
Lithuania,LTU,2015,2904910
Lithuania,LTU,2016,2868231
Lithuania,LTU,2017,2828403
Lithuania,LTU,2018,2801543
Lithuania,LTU,2019,2794137
Luxembourg,LUX,2010,506953
Luxembourg,LUX,2011,518347
Luxembourg,LUX,2012,530946
Luxembourg,LUX,2013,543360
Luxembourg,LUX,2014,556319
Luxembourg,LUX,2015,569604
Luxembourg,LUX,2016,582014
Luxembourg,LUX,2017,596336
Luxembourg,LUX,2018,607950
Luxembourg,LUX,2019,620001
Latvia,LVA,2010,2097555
Latvia,LVA,2011,2059709
Latvia,LVA,2012,2034319
Latvia,LVA,2013,2012647
Latvia,LVA,2014,1993782
Latvia,LVA,2015,1977527
Latvia,LVA,2016,1959537
Latvia,LVA,2017,1942248
Latvia,LVA,2018,1927174
Latvia,LVA,2019,1913822
"Macao SAR, China",MAC,2010,537000
"Macao SAR, China",MAC,2011,549600
"Macao SAR, China",MAC,2012,567900
"Macao SAR, China",MAC,2013,591900
"Macao SAR, China",MAC,2014,621700
"Macao SAR, China",MAC,2015,642900
"Macao SAR, China",MAC,2016,652500
"Macao SAR, China",MAC,2017,648400
"Macao SAR, China",MAC,2018,658900
"Macao SAR, China",MAC,2019,672000
St. Martin (French part),MAF,2010,36856
St. Martin (French part),MAF,2011,37069
St. Martin (French part),MAF,2012,37276
St. Martin (French part),MAF,2013,37419
St. Martin (French part),MAF,2014,37450
St. Martin (French part),MAF,2015,37369
St. Martin (French part),MAF,2016,37175
St. Martin (French part),MAF,2017,36837
St. Martin (French part),MAF,2018,36012
St. Martin (French part),MAF,2019,34267
Morocco,MAR,2010,32467016
Morocco,MAR,2011,32912588
Morocco,MAR,2012,33355241
Morocco,MAR,2013,33787571
Morocco,MAR,2014,34204780
Morocco,MAR,2015,34607588
Morocco,MAR,2016,35023457
Morocco,MAR,2017,35446392
Morocco,MAR,2018,35839760
Morocco,MAR,2019,36210898
Monaco,MCO,2010,33163
Monaco,MCO,2011,33946
Monaco,MCO,2012,34711
Monaco,MCO,2013,35447
Monaco,MCO,2014,36128
Monaco,MCO,2015,36757
Monaco,MCO,2016,37276
Monaco,MCO,2017,37678
Monaco,MCO,2018,38154
Monaco,MCO,2019,38109
Moldova,MDA,2010,2862354
Moldova,MDA,2011,2860699
Moldova,MDA,2012,2860324
Moldova,MDA,2013,2859558
Moldova,MDA,2014,2857815
Moldova,MDA,2015,2835978
Moldova,MDA,2016,2803186
Moldova,MDA,2017,2755189
Moldova,MDA,2018,2707203
Moldova,MDA,2019,2664224
Madagascar,MDG,2010,22183340
Madagascar,MDG,2011,22822300
Madagascar,MDG,2012,23462438
Madagascar,MDG,2013,24109290
Madagascar,MDG,2014,24764348
Madagascar,MDG,2015,25426702
Madagascar,MDG,2016,26099952
Madagascar,MDG,2017,26788375
Madagascar,MDG,2018,27494926
Madagascar,MDG,2019,28219554
Maldives,MDV,2010,360792
Maldives,MDV,2011,373674
Maldives,MDV,2012,386818
Maldives,MDV,2013,400070
Maldives,MDV,2014,413617
Maldives,MDV,2015,428154
Maldives,MDV,2016,443308
Maldives,MDV,2017,458287
Maldives,MDV,2018,473099
Maldives,MDV,2019,487731
Middle East & North Africa,MEA,2010,397305528
Middle East & North Africa,MEA,2011,405960097
Middle East & North Africa,MEA,2012,415046283
Middle East & North Africa,MEA,2013,424768481
Middle East & North Africa,MEA,2014,433660485
Middle East & North Africa,MEA,2015,443111159
Middle East & North Africa,MEA,2016,452184895
Middle East & North Africa,MEA,2017,459925735
Middle East & North Africa,MEA,2018,466691130
Middle East & North Africa,MEA,2019,474057593
Mexico,MEX,2010,113623895
Mexico,MEX,2011,115243504
Mexico,MEX,2012,116818208
Mexico,MEX,2013,118343573
Mexico,MEX,2014,119784261
Mexico,MEX,2015,121072306
Mexico,MEX,2016,122251351
Mexico,MEX,2017,123400057
Mexico,MEX,2018,124573711
Mexico,MEX,2019,125762982
Marshall Islands,MHL,2010,52044
Marshall Islands,MHL,2011,51907
Marshall Islands,MHL,2012,51419
Marshall Islands,MHL,2013,50681
Marshall Islands,MHL,2014,49796
Marshall Islands,MHL,2015,48800
Marshall Islands,MHL,2016,47709
Marshall Islands,MHL,2017,46529
Marshall Islands,MHL,2018,45285
Marshall Islands,MHL,2019,44007
Middle income,MIC,2010,5128297873
Middle income,MIC,2011,5193178001
Middle income,MIC,2012,5260198112
Middle income,MIC,2013,5327096579
Middle income,MIC,2014,5393611832
Middle income,MIC,2015,5457879432
Middle income,MIC,2016,5521012953
Middle income,MIC,2017,5584206934
Middle income,MIC,2018,5645348919
Middle income,MIC,2019,5703863074
North Macedonia,MKD,2010,1946298
North Macedonia,MKD,2011,1937398
North Macedonia,MKD,2012,1929821
North Macedonia,MKD,2013,1922716
North Macedonia,MKD,2014,1917557
North Macedonia,MKD,2015,1912430
North Macedonia,MKD,2016,1906313
North Macedonia,MKD,2017,1898657
North Macedonia,MKD,2018,1889051
North Macedonia,MKD,2019,1876262
Mali,MLI,2010,15945198
Mali,MLI,2011,16469049
Mali,MLI,2012,16957033
Mali,MLI,2013,17459615
Mali,MLI,2014,18020267
Mali,MLI,2015,18593022
Mali,MLI,2016,19191289
Mali,MLI,2017,19813011
Mali,MLI,2018,20442030
Mali,MLI,2019,21068405
Malta,MLT,2010,414508
Malta,MLT,2011,416268
Malta,MLT,2012,420028
Malta,MLT,2013,425967
Malta,MLT,2014,434558
Malta,MLT,2015,445053
Malta,MLT,2016,455356
Malta,MLT,2017,467999
Malta,MLT,2018,484630
Malta,MLT,2019,504062
Myanmar,MMR,2010,49024382
Myanmar,MMR,2011,49419820
Myanmar,MMR,2012,49837446
Myanmar,MMR,2013,50262658
Myanmar,MMR,2014,50681634
Myanmar,MMR,2015,51089056
Myanmar,MMR,2016,51495696
Myanmar,MMR,2017,51894938
Myanmar,MMR,2018,52272247
Myanmar,MMR,2019,52640713
Middle East & North Africa (excluding high income),MNA,2010,349872902
Middle East & North Africa (excluding high income),MNA,2011,356552266
Middle East & North Africa (excluding high income),MNA,2012,363339829
Middle East & North Africa (excluding high income),MNA,2013,370454605
Middle East & North Africa (excluding high income),MNA,2014,377506892
Middle East & North Africa (excluding high income),MNA,2015,384230039
Middle East & North Africa (excluding high income),MNA,2016,390998434
Middle East & North Africa (excluding high income),MNA,2017,397804712
Middle East & North Africa (excluding high income),MNA,2018,404775501
Middle East & North Africa (excluding high income),MNA,2019,411833977
Montenegro,MNE,2010,619428
Montenegro,MNE,2011,620079
Montenegro,MNE,2012,620601
Montenegro,MNE,2013,621207
Montenegro,MNE,2014,621810
Montenegro,MNE,2015,622159
Montenegro,MNE,2016,622303
Montenegro,MNE,2017,622373
Montenegro,MNE,2018,622227
Montenegro,MNE,2019,622028
Mongolia,MNG,2010,2738622
Mongolia,MNG,2011,2786317
Mongolia,MNG,2012,2839705
Mongolia,MNG,2013,2899011
Mongolia,MNG,2014,2963113
Mongolia,MNG,2015,3026864
Mongolia,MNG,2016,3088856
Mongolia,MNG,2017,3148917
Mongolia,MNG,2018,3208189
Mongolia,MNG,2019,3267673
Northern Mariana Islands,MNP,2010,54091
Northern Mariana Islands,MNP,2011,53608
Northern Mariana Islands,MNP,2012,53234
Northern Mariana Islands,MNP,2013,52758
Northern Mariana Islands,MNP,2014,52178
Northern Mariana Islands,MNP,2015,51514
Northern Mariana Islands,MNP,2016,50773
Northern Mariana Islands,MNP,2017,49959
Northern Mariana Islands,MNP,2018,49077
Northern Mariana Islands,MNP,2019,48129
Mozambique,MOZ,2010,22999235
Mozambique,MOZ,2011,23649039
Mozambique,MOZ,2012,24337846
Mozambique,MOZ,2013,25051611
Mozambique,MOZ,2014,25788475
Mozambique,MOZ,2015,26547572
Mozambique,MOZ,2016,27337105
Mozambique,MOZ,2017,28166393
Mozambique,MOZ,2018,29018644
Mozambique,MOZ,2019,29884380
Mauritania,MRT,2010,3390965
Mauritania,MRT,2011,3502811
Mauritania,MRT,2012,3619034
Mauritania,MRT,2013,3734318
Mauritania,MRT,2014,3848514
Mauritania,MRT,2015,3965959
Mauritania,MRT,2016,4086657
Mauritania,MRT,2017,4210600
Mauritania,MRT,2018,4337685
Mauritania,MRT,2019,4467708
Mauritius,MUS,2010,1250400
Mauritius,MUS,2011,1252404
Mauritius,MUS,2012,1255882
Mauritius,MUS,2013,1258927
Mauritius,MUS,2014,1261208
Mauritius,MUS,2015,1262879
Mauritius,MUS,2016,1263747
Mauritius,MUS,2017,1264887
Mauritius,MUS,2018,1265577
Mauritius,MUS,2019,1265985
Malawi,MWI,2010,14826463
Malawi,MWI,2011,15265022
Malawi,MWI,2012,15709577
Malawi,MWI,2013,16161816
Malawi,MWI,2014,16621538
Malawi,MWI,2015,17085587
Malawi,MWI,2016,17557739
Malawi,MWI,2017,18039715
Malawi,MWI,2018,18528081
Malawi,MWI,2019,19025752
Malaysia,MYS,2010,28655776
Malaysia,MYS,2011,29162039
Malaysia,MYS,2012,29662831
Malaysia,MYS,2013,30174265
Malaysia,MYS,2014,30696137
Malaysia,MYS,2015,31232798
Malaysia,MYS,2016,31789685
Malaysia,MYS,2017,32355644
Malaysia,MYS,2018,32910967
Malaysia,MYS,2019,33440596
North America,NAC,2010,343396770
North America,NAC,2011,345986435
North America,NAC,2012,348654703
North America,NAC,2013,351204513
North America,NAC,2014,353883924
North America,NAC,2015,356506956
North America,NAC,2016,359246007
North America,NAC,2017,361730781
North America,NAC,2018,363974650
North America,NAC,2019,366012555
Namibia,NAM,2010,2109811
Namibia,NAM,2011,2146325
Namibia,NAM,2012,2194654
Namibia,NAM,2013,2252508
Namibia,NAM,2014,2312139
Namibia,NAM,2015,2374300
Namibia,NAM,2016,2439213
Namibia,NAM,2017,2506853
Namibia,NAM,2018,2577327
Namibia,NAM,2019,2650494
New Caledonia,NCL,2010,261582
New Caledonia,NCL,2011,266543
New Caledonia,NCL,2012,271633
New Caledonia,NCL,2013,276822
New Caledonia,NCL,2014,281224
New Caledonia,NCL,2015,283168
New Caledonia,NCL,2016,283423
New Caledonia,NCL,2017,283546
New Caledonia,NCL,2018,283541
New Caledonia,NCL,2019,283606
Niger,NER,2010,16548835
Niger,NER,2011,17176283
Niger,NER,2012,17836769
Niger,NER,2013,18519898
Niger,NER,2014,19215909
Niger,NER,2015,19939498
Niger,NER,2016,20685753
Niger,NER,2017,21435446
Niger,NER,2018,22188069
Niger,NER,2019,22947757
Nigeria,NGA,2010,166642886
Nigeria,NGA,2011,171379598
Nigeria,NGA,2012,176200625
Nigeria,NGA,2013,181049443
Nigeria,NGA,2014,185896915
Nigeria,NGA,2015,190671878
Nigeria,NGA,2016,195443700
Nigeria,NGA,2017,200254579
Nigeria,NGA,2018,204938755
Nigeria,NGA,2019,209485641
Nicaragua,NIC,2010,5737450
Nicaragua,NIC,2011,5819051
Nicaragua,NIC,2012,5901287
Nicaragua,NIC,2013,5983845
Nicaragua,NIC,2014,6066492
Nicaragua,NIC,2015,6149417
Nicaragua,NIC,2016,6232666
Nicaragua,NIC,2017,6316231
Nicaragua,NIC,2018,6400080
Nicaragua,NIC,2019,6483657
Netherlands,NLD,2010,16615394
Netherlands,NLD,2011,16693074
Netherlands,NLD,2012,16754962
Netherlands,NLD,2013,16804432
Netherlands,NLD,2014,16865008
Netherlands,NLD,2015,16939923
Netherlands,NLD,2016,17030314
Netherlands,NLD,2017,17131296
Netherlands,NLD,2018,17231624
Netherlands,NLD,2019,17344874
Norway,NOR,2010,4889252
Norway,NOR,2011,4953088
Norway,NOR,2012,5018573
Norway,NOR,2013,5079623
Norway,NOR,2014,5137232
Norway,NOR,2015,5188607
Norway,NOR,2016,5234519
Norway,NOR,2017,5276968
Norway,NOR,2018,5311916
Norway,NOR,2019,5347896
Nepal,NPL,2010,27341952
Nepal,NPL,2011,27464494
Nepal,NPL,2012,27534915
Nepal,NPL,2013,27589996
Nepal,NPL,2014,27672370
Nepal,NPL,2015,27823629
Nepal,NPL,2016,27955462
Nepal,NPL,2017,28011258
Nepal,NPL,2018,28079689
Nepal,NPL,2019,28414064
Nauru,NRU,2010,10043
Nauru,NRU,2011,10098
Nauru,NRU,2012,10267
Nauru,NRU,2013,10517
Nauru,NRU,2014,10742
Nauru,NRU,2015,10954
Nauru,NRU,2016,11150
Nauru,NRU,2017,11324
Nauru,NRU,2018,11477
Nauru,NRU,2019,11587
New Zealand,NZL,2010,4350700
New Zealand,NZL,2011,4384000
New Zealand,NZL,2012,4408100
New Zealand,NZL,2013,4442100
New Zealand,NZL,2014,4516500
New Zealand,NZL,2015,4609400
New Zealand,NZL,2016,4714100
New Zealand,NZL,2017,4813600
New Zealand,NZL,2018,4900600
New Zealand,NZL,2019,4979200
OECD members,OED,2010,1292108663
OECD members,OED,2011,1298741317
OECD members,OED,2012,1306608465
OECD members,OED,2013,1314705887
OECD members,OED,2014,1323087907
OECD members,OED,2015,1331189869
OECD members,OED,2016,1339441048
OECD members,OED,2017,1347317014
OECD members,OED,2018,1355260023
OECD members,OED,2019,1362497757
Oman,OMN,2010,2757446
Oman,OMN,2011,3076763
Oman,OMN,2012,3547106
Oman,OMN,2013,3833913
Oman,OMN,2014,4002439
Oman,OMN,2015,4184895
Oman,OMN,2016,4390877
Oman,OMN,2017,4537396
Oman,OMN,2018,4597877
Oman,OMN,2019,4591241
Other small states,OSS,2010,12341009
Other small states,OSS,2011,12420968
Other small states,OSS,2012,12554229
Other small states,OSS,2013,12719557
Other small states,OSS,2014,12904905
Other small states,OSS,2015,13091061
Other small states,OSS,2016,13273445
Other small states,OSS,2017,13487767
Other small states,OSS,2018,13634874
Other small states,OSS,2019,13761088
Pakistan,PAK,2010,199239047
Pakistan,PAK,2011,203746065
Pakistan,PAK,2012,207667125
Pakistan,PAK,2013,211073978
Pakistan,PAK,2014,214264647
Pakistan,PAK,2015,217290883
Pakistan,PAK,2016,220138869
Pakistan,PAK,2017,223273967
Pakistan,PAK,2018,226928892
Pakistan,PAK,2019,230800899
Panama,PAN,2010,3628535
Panama,PAN,2011,3693505
Panama,PAN,2012,3759256
Panama,PAN,2013,3825329
Panama,PAN,2014,3892101
Panama,PAN,2015,3960035
Panama,PAN,2016,4029086
Panama,PAN,2017,4098707
Panama,PAN,2018,4167860
Panama,PAN,2019,4234700
Peru,PER,2010,29086019
Peru,PER,2011,29304086
Peru,PER,2012,29550366
Peru,PER,2013,29817919
Peru,PER,2014,30115826
Peru,PER,2015,30457600
Peru,PER,2016,30866494
Peru,PER,2017,31324637
Peru,PER,2018,31897584
Peru,PER,2019,32449303
Philippines,PHL,2010,96337125
Philippines,PHL,2011,98248614
Philippines,PHL,2012,100175512
Philippines,PHL,2013,102076336
Philippines,PHL,2014,103767130
Philippines,PHL,2015,105312992
Philippines,PHL,2016,106735719
Philippines,PHL,2017,108119693
Philippines,PHL,2018,109465287
Philippines,PHL,2019,110804683
Palau,PLW,2010,18396
Palau,PLW,2011,18078
Palau,PLW,2012,17765
Palau,PLW,2013,17648
Palau,PLW,2014,17715
Palau,PLW,2015,17770
Palau,PLW,2016,17797
Palau,PLW,2017,17812
Palau,PLW,2018,17814
Palau,PLW,2019,17798
Papua New Guinea,PNG,2010,7633523
Papua New Guinea,PNG,2011,7859346
Papua New Guinea,PNG,2012,8081390
Papua New Guinea,PNG,2013,8302698
Papua New Guinea,PNG,2014,8523441
Papua New Guinea,PNG,2015,8743246
Papua New Guinea,PNG,2016,8961718
Papua New Guinea,PNG,2017,9178714
Papua New Guinea,PNG,2018,9394513
Papua New Guinea,PNG,2019,9609010
Poland,POL,2010,38042794
Poland,POL,2011,38063255
Poland,POL,2012,38063164
Poland,POL,2013,38040196
Poland,POL,2014,38011735
Poland,POL,2015,37986412
Poland,POL,2016,37970087
Poland,POL,2017,37974826
Poland,POL,2018,37974750
Poland,POL,2019,37965475
Pre-demographic dividend,PRE,2010,752046672
Pre-demographic dividend,PRE,2011,774567417
Pre-demographic dividend,PRE,2012,798002725
Pre-demographic dividend,PRE,2013,822138419
Pre-demographic dividend,PRE,2014,846420736
Pre-demographic dividend,PRE,2015,870587800
Pre-demographic dividend,PRE,2016,895239872
Pre-demographic dividend,PRE,2017,920568701
Pre-demographic dividend,PRE,2018,946317177
Pre-demographic dividend,PRE,2019,972302503
Puerto Rico,PRI,2010,3721525
Puerto Rico,PRI,2011,3678732
Puerto Rico,PRI,2012,3634488
Puerto Rico,PRI,2013,3593077
Puerto Rico,PRI,2014,3534874
Puerto Rico,PRI,2015,3473232
Puerto Rico,PRI,2016,3406672
Puerto Rico,PRI,2017,3325286
Puerto Rico,PRI,2018,3193354
Puerto Rico,PRI,2019,3193694
"Korea, Dem. People's Rep.",PRK,2010,24987258
"Korea, Dem. People's Rep.",PRK,2011,25097874
"Korea, Dem. People's Rep.",PRK,2012,25211728
"Korea, Dem. People's Rep.",PRK,2013,25329451
"Korea, Dem. People's Rep.",PRK,2014,25451262
"Korea, Dem. People's Rep.",PRK,2015,25575350
"Korea, Dem. People's Rep.",PRK,2016,25698326
"Korea, Dem. People's Rep.",PRK,2017,25817709
"Korea, Dem. People's Rep.",PRK,2018,25931147
"Korea, Dem. People's Rep.",PRK,2019,26037632
Portugal,PRT,2010,10573100
Portugal,PRT,2011,10557560
Portugal,PRT,2012,10514844
Portugal,PRT,2013,10457295
Portugal,PRT,2014,10401062
Portugal,PRT,2015,10358076
Portugal,PRT,2016,10325452
Portugal,PRT,2017,10300300
Portugal,PRT,2018,10283822
Portugal,PRT,2019,10286263
Paraguay,PRY,2010,5737971
Paraguay,PRY,2011,5814626
Paraguay,PRY,2012,5897008
Paraguay,PRY,2013,5982445
Paraguay,PRY,2014,6069811
Paraguay,PRY,2015,6159103
Paraguay,PRY,2016,6249126
Paraguay,PRY,2017,6338660
Paraguay,PRY,2018,6427382
Paraguay,PRY,2019,6515058
West Bank and Gaza,PSE,2010,3786161
West Bank and Gaza,PSE,2011,3882986
West Bank and Gaza,PSE,2012,3979998
West Bank and Gaza,PSE,2013,4076708
West Bank and Gaza,PSE,2014,4173398
West Bank and Gaza,PSE,2015,4270092
West Bank and Gaza,PSE,2016,4367088
West Bank and Gaza,PSE,2017,4454805
West Bank and Gaza,PSE,2018,4569087
West Bank and Gaza,PSE,2019,4685306
Pacific island small states,PSS,2010,2289399
Pacific island small states,PSS,2011,2320899
Pacific island small states,PSS,2012,2351924
Pacific island small states,PSS,2013,2382931
Pacific island small states,PSS,2014,2414338
Pacific island small states,PSS,2015,2445989
Pacific island small states,PSS,2016,2477794
Pacific island small states,PSS,2017,2509999
Pacific island small states,PSS,2018,2542009
Pacific island small states,PSS,2019,2568656
Post-demographic dividend,PST,2010,1075615574
Post-demographic dividend,PST,2011,1078564678
Post-demographic dividend,PST,2012,1083068159
Post-demographic dividend,PST,2013,1087808342
Post-demographic dividend,PST,2014,1092805112
Post-demographic dividend,PST,2015,1097599410
Post-demographic dividend,PST,2016,1102507839
Post-demographic dividend,PST,2017,1106644744
Post-demographic dividend,PST,2018,1110512190
Post-demographic dividend,PST,2019,1113651656
French Polynesia,PYF,2010,270580
French Polynesia,PYF,2011,271727
French Polynesia,PYF,2012,273084
French Polynesia,PYF,2013,274728
French Polynesia,PYF,2014,276387
French Polynesia,PYF,2015,277866
French Polynesia,PYF,2016,279178
French Polynesia,PYF,2017,280087
French Polynesia,PYF,2018,279815
French Polynesia,PYF,2019,279034
Qatar,QAT,2010,1616832
Qatar,QAT,2011,1624761
Qatar,QAT,2012,1722438
Qatar,QAT,2013,1916426
Qatar,QAT,2014,2151745
Qatar,QAT,2015,2344557
Qatar,QAT,2016,2477113
Qatar,QAT,2017,2545820
Qatar,QAT,2018,2580734
Qatar,QAT,2019,2638657
Romania,ROU,2010,20246871
Romania,ROU,2011,20147528
Romania,ROU,2012,20058035
Romania,ROU,2013,19983693
Romania,ROU,2014,19908979
Romania,ROU,2015,19815616
Romania,ROU,2016,19702267
Romania,ROU,2017,19588715
Romania,ROU,2018,19473970
Romania,ROU,2019,19371648
Russian Federation,RUS,2010,142849468
Russian Federation,RUS,2011,143018195
Russian Federation,RUS,2012,143378447
Russian Federation,RUS,2013,143805638
Russian Federation,RUS,2014,144237223
Russian Federation,RUS,2015,144640716
Russian Federation,RUS,2016,145015460
Russian Federation,RUS,2017,145293260
Russian Federation,RUS,2018,145398106
Russian Federation,RUS,2019,145453291
Rwanda,RWA,2010,10317553
Rwanda,RWA,2011,10573733
Rwanda,RWA,2012,10829901
Rwanda,RWA,2013,11093340
Rwanda,RWA,2014,11364757
Rwanda,RWA,2015,11640022
Rwanda,RWA,2016,11919183
Rwanda,RWA,2017,12202060
Rwanda,RWA,2018,12487996
Rwanda,RWA,2019,12776103
South Asia,SAS,2010,1672490146
South Asia,SAS,2011,1697466396
South Asia,SAS,2012,1721780232
South Asia,SAS,2013,1744358673
South Asia,SAS,2014,1766896416
South Asia,SAS,2015,1788492725
South Asia,SAS,2016,1809951345
South Asia,SAS,2017,1831474329
South Asia,SAS,2018,1852836645
South Asia,SAS,2019,1874070006
Saudi Arabia,SAU,2010,23978487
Saudi Arabia,SAU,2011,25091867
Saudi Arabia,SAU,2012,26168861
Saudi Arabia,SAU,2013,27624004
Saudi Arabia,SAU,2014,28309273
Saudi Arabia,SAU,2015,29816382
Saudi Arabia,SAU,2016,30954198
Saudi Arabia,SAU,2017,30977355
Saudi Arabia,SAU,2018,30196281
Saudi Arabia,SAU,2019,30063799
Sudan,SDN,2010,35414399
Sudan,SDN,2011,36140806
Sudan,SDN,2012,36923178
Sudan,SDN,2013,37785849
Sudan,SDN,2014,38823318
Sudan,SDN,2015,40024431
Sudan,SDN,2016,41259892
Sudan,SDN,2017,42714306
Sudan,SDN,2018,44230596
Sudan,SDN,2019,45548175
Senegal,SEN,2010,12635413
Senegal,SEN,2011,12958897
Senegal,SEN,2012,13310495
Senegal,SEN,2013,13710849
Senegal,SEN,2014,14152102
Senegal,SEN,2015,14593331
Senegal,SEN,2016,15034521
Senegal,SEN,2017,15475002
Senegal,SEN,2018,15914498
Senegal,SEN,2019,16352922
Singapore,SGP,2010,5076732
Singapore,SGP,2011,5183688
Singapore,SGP,2012,5312437
Singapore,SGP,2013,5399162
Singapore,SGP,2014,5469724
Singapore,SGP,2015,5535002
Singapore,SGP,2016,5607283
Singapore,SGP,2017,5612253
Singapore,SGP,2018,5638676
Singapore,SGP,2019,5703569
Solomon Islands,SLB,2010,532968
Solomon Islands,SLB,2011,552945
Solomon Islands,SLB,2012,573606
Solomon Islands,SLB,2013,594945
Solomon Islands,SLB,2014,616908
Solomon Islands,SLB,2015,639415
Solomon Islands,SLB,2016,662379
Solomon Islands,SLB,2017,685672
Solomon Islands,SLB,2018,709101
Solomon Islands,SLB,2019,728147
Sierra Leone,SLE,2010,6222714
Sierra Leone,SLE,2011,6387251
Sierra Leone,SLE,2012,6551080
Sierra Leone,SLE,2013,6714051
Sierra Leone,SLE,2014,6876385
Sierra Leone,SLE,2015,7037655
Sierra Leone,SLE,2016,7205328
Sierra Leone,SLE,2017,7379299
Sierra Leone,SLE,2018,7554563
Sierra Leone,SLE,2019,7731991
El Salvador,SLV,2010,6068249
El Salvador,SLV,2011,6090127
El Salvador,SLV,2012,6113975
El Salvador,SLV,2013,6138839
El Salvador,SLV,2014,6162955
El Salvador,SLV,2015,6183676
El Salvador,SLV,2016,6200800
El Salvador,SLV,2017,6213533
El Salvador,SLV,2018,6219807
El Salvador,SLV,2019,6222318
San Marino,SMR,2010,33270
San Marino,SMR,2011,32620
San Marino,SMR,2012,33469
San Marino,SMR,2013,33041
San Marino,SMR,2014,32655
San Marino,SMR,2015,32897
San Marino,SMR,2016,33101
San Marino,SMR,2017,33825
San Marino,SMR,2018,34522
San Marino,SMR,2019,34663
Somalia,SOM,2010,12261756
Somalia,SOM,2011,12348830
Somalia,SOM,2012,12461160
Somalia,SOM,2013,12869594
Somalia,SOM,2014,13339491
Somalia,SOM,2015,13806963
Somalia,SOM,2016,14348740
Somalia,SOM,2017,14916629
Somalia,SOM,2018,15452487
Somalia,SOM,2019,16030971
Serbia,SRB,2010,7291436
Serbia,SRB,2011,7236519
Serbia,SRB,2012,7201497
Serbia,SRB,2013,7166553
Serbia,SRB,2014,7131787
Serbia,SRB,2015,7095383
Serbia,SRB,2016,7058322
Serbia,SRB,2017,7020858
Serbia,SRB,2018,6982604
Serbia,SRB,2019,6945235
Sub-Saharan Africa (excluding high income),SSA,2010,894576887
Sub-Saharan Africa (excluding high income),SSA,2011,919440685
Sub-Saharan Africa (excluding high income),SSA,2012,944882007
Sub-Saharan Africa (excluding high income),SSA,2013,971142957
Sub-Saharan Africa (excluding high income),SSA,2014,997869678
Sub-Saharan Africa (excluding high income),SSA,2015,1025157695
Sub-Saharan Africa (excluding high income),SSA,2016,1052729467
Sub-Saharan Africa (excluding high income),SSA,2017,1080845804
Sub-Saharan Africa (excluding high income),SSA,2018,1109900238
Sub-Saharan Africa (excluding high income),SSA,2019,1139217993
South Sudan,SSD,2010,9745953
South Sudan,SSD,2011,10288109
South Sudan,SSD,2012,10756240
South Sudan,SSD,2013,11166275
South Sudan,SSD,2014,11235073
South Sudan,SSD,2015,11107561
South Sudan,SSD,2016,10830102
South Sudan,SSD,2017,10259154
South Sudan,SSD,2018,10122977
South Sudan,SSD,2019,10423384
Sub-Saharan Africa,SSF,2010,894666657
Sub-Saharan Africa,SSF,2011,919528126
Sub-Saharan Africa,SSF,2012,944970310
Sub-Saharan Africa,SSF,2013,971232906
Sub-Saharan Africa,SSF,2014,997961037
Sub-Saharan Africa,SSF,2015,1025251114
Sub-Saharan Africa,SSF,2016,1052824144
Sub-Saharan Africa,SSF,2017,1080941647
Sub-Saharan Africa,SSF,2018,1109997000
Sub-Saharan Africa,SSF,2019,1139315618
Small states,SST,2010,17486029
Small states,SST,2011,17614955
Small states,SST,2012,17799404
Small states,SST,2013,18019613
Small states,SST,2014,18260446
Small states,SST,2015,18501574
Small states,SST,2016,18738677
Small states,SST,2017,19007273
Small states,SST,2018,19225348
Small states,SST,2019,19408893
Sao Tome and Principe,STP,2010,181802
Sao Tome and Principe,STP,2011,185649
Sao Tome and Principe,STP,2012,189439
Sao Tome and Principe,STP,2013,193148
Sao Tome and Principe,STP,2014,196767
Sao Tome and Principe,STP,2015,200291
Sao Tome and Principe,STP,2016,203689
Sao Tome and Principe,STP,2017,206970
Sao Tome and Principe,STP,2018,210187
Sao Tome and Principe,STP,2019,213392
Suriname,SUR,2010,549923
Suriname,SUR,2011,556269
Suriname,SUR,2012,562633
Suriname,SUR,2013,569020
Suriname,SUR,2014,575373
Suriname,SUR,2015,581627
Suriname,SUR,2016,587757
Suriname,SUR,2017,593713
Suriname,SUR,2018,599513
Suriname,SUR,2019,605768
Slovak Republic,SVK,2010,5391428
Slovak Republic,SVK,2011,5398384
Slovak Republic,SVK,2012,5407579
Slovak Republic,SVK,2013,5413393
Slovak Republic,SVK,2014,5418649
Slovak Republic,SVK,2015,5423801
Slovak Republic,SVK,2016,5430798
Slovak Republic,SVK,2017,5439232
Slovak Republic,SVK,2018,5446771
Slovak Republic,SVK,2019,5454147
Slovenia,SVN,2010,2048583
Slovenia,SVN,2011,2052843
Slovenia,SVN,2012,2057159
Slovenia,SVN,2013,2059953
Slovenia,SVN,2014,2061980
Slovenia,SVN,2015,2063531
Slovenia,SVN,2016,2065042
Slovenia,SVN,2017,2066388
Slovenia,SVN,2018,2073894
Slovenia,SVN,2019,2088385
Sweden,SWE,2010,9378126
Sweden,SWE,2011,9449213
Sweden,SWE,2012,9519374
Sweden,SWE,2013,9600379
Sweden,SWE,2014,9696110
Sweden,SWE,2015,9799186
Sweden,SWE,2016,9923085
Sweden,SWE,2017,10057698
Sweden,SWE,2018,10175214
Sweden,SWE,2019,10278887
Eswatini,SWZ,2010,1111650
Eswatini,SWZ,2011,1117833
Eswatini,SWZ,2012,1123863
Eswatini,SWZ,2013,1129990
Eswatini,SWZ,2014,1136299
Eswatini,SWZ,2015,1142813
Eswatini,SWZ,2016,1149507
Eswatini,SWZ,2017,1158195
Eswatini,SWZ,2018,1168929
Eswatini,SWZ,2019,1179874
Sint Maarten (Dutch part),SXM,2010,33794
Sint Maarten (Dutch part),SXM,2011,34267
Sint Maarten (Dutch part),SXM,2012,35023
Sint Maarten (Dutch part),SXM,2013,35854
Sint Maarten (Dutch part),SXM,2014,36672
Sint Maarten (Dutch part),SXM,2015,37471
Sint Maarten (Dutch part),SXM,2016,38249
Sint Maarten (Dutch part),SXM,2017,38996
Sint Maarten (Dutch part),SXM,2018,39712
Sint Maarten (Dutch part),SXM,2019,40385
Seychelles,SYC,2010,89770
Seychelles,SYC,2011,87441
Seychelles,SYC,2012,88303
Seychelles,SYC,2013,89949
Seychelles,SYC,2014,91359
Seychelles,SYC,2015,93419
Seychelles,SYC,2016,94677
Seychelles,SYC,2017,95843
Seychelles,SYC,2018,96762
Seychelles,SYC,2019,97625
Syrian Arab Republic,SYR,2010,22482421
Syrian Arab Republic,SYR,2011,22878098
Syrian Arab Republic,SYR,2012,22759763
Syrian Arab Republic,SYR,2013,21666917
Syrian Arab Republic,SYR,2014,20273659
Syrian Arab Republic,SYR,2015,19424618
Syrian Arab Republic,SYR,2016,19193834
Syrian Arab Republic,SYR,2017,19224668
Syrian Arab Republic,SYR,2018,19577845
Syrian Arab Republic,SYR,2019,20353534
Turks and Caicos Islands,TCA,2010,29739
Turks and Caicos Islands,TCA,2011,30846
Turks and Caicos Islands,TCA,2012,32127
Turks and Caicos Islands,TCA,2013,33653
Turks and Caicos Islands,TCA,2014,35050
Turks and Caicos Islands,TCA,2015,36605
Turks and Caicos Islands,TCA,2016,38315
Turks and Caicos Islands,TCA,2017,39913
Turks and Caicos Islands,TCA,2018,41559
Turks and Caicos Islands,TCA,2019,43166
Chad,TCD,2010,12312575
Chad,TCD,2011,12754997
Chad,TCD,2012,13210998
Chad,TCD,2013,13691079
Chad,TCD,2014,14188678
Chad,TCD,2015,14647621
Chad,TCD,2016,15114655
Chad,TCD,2017,15622759
Chad,TCD,2018,16156531
Chad,TCD,2019,16685223
East Asia & Pacific (IDA & IBRD countries),TEA,2010,1948643347
East Asia & Pacific (IDA & IBRD countries),TEA,2011,1964036970
East Asia & Pacific (IDA & IBRD countries),TEA,2012,1981382735
East Asia & Pacific (IDA & IBRD countries),TEA,2013,1998548872
East Asia & Pacific (IDA & IBRD countries),TEA,2014,2014960984
East Asia & Pacific (IDA & IBRD countries),TEA,2015,2030504270
East Asia & Pacific (IDA & IBRD countries),TEA,2016,2045816761
East Asia & Pacific (IDA & IBRD countries),TEA,2017,2061449949
East Asia & Pacific (IDA & IBRD countries),TEA,2018,2074796982
East Asia & Pacific (IDA & IBRD countries),TEA,2019,2086281644
Europe & Central Asia (IDA & IBRD countries),TEC,2010,442936599
Europe & Central Asia (IDA & IBRD countries),TEC,2011,444846099
Europe & Central Asia (IDA & IBRD countries),TEC,2012,446979977
Europe & Central Asia (IDA & IBRD countries),TEC,2013,449310524
Europe & Central Asia (IDA & IBRD countries),TEC,2014,451696196
Europe & Central Asia (IDA & IBRD countries),TEC,2015,454002756
Europe & Central Asia (IDA & IBRD countries),TEC,2016,456330266
Europe & Central Asia (IDA & IBRD countries),TEC,2017,458504366
Europe & Central Asia (IDA & IBRD countries),TEC,2018,460515553
Europe & Central Asia (IDA & IBRD countries),TEC,2019,462573906
Togo,TGO,2010,6732590
Togo,TGO,2011,6916474
Togo,TGO,2012,7100736
Togo,TGO,2013,7285442
Togo,TGO,2014,7472450
Togo,TGO,2015,7663195
Togo,TGO,2016,7858289
Togo,TGO,2017,8057140
Togo,TGO,2018,8258778
Togo,TGO,2019,8463068
Thailand,THA,2010,68579447
Thailand,THA,2011,69007208
Thailand,THA,2012,69436098
Thailand,THA,2013,69845114
Thailand,THA,2014,70216367
Thailand,THA,2015,70540795
Thailand,THA,2016,70859841
Thailand,THA,2017,71160187
Thailand,THA,2018,71376079
Thailand,THA,2019,71522271
Tajikistan,TJK,2010,7652141
Tajikistan,TJK,2011,7824785
Tajikistan,TJK,2012,8014084
Tajikistan,TJK,2013,8216724
Tajikistan,TJK,2014,8425552
Tajikistan,TJK,2015,8643840
Tajikistan,TJK,2016,8865631
Tajikistan,TJK,2017,9085946
Tajikistan,TJK,2018,9307333
Tajikistan,TJK,2019,9529966
Turkmenistan,TKM,2010,5564356
Turkmenistan,TKM,2011,5683417
Turkmenistan,TKM,2012,5808546
Turkmenistan,TKM,2013,5939341
Turkmenistan,TKM,2014,6075283
Turkmenistan,TKM,2015,6215770
Turkmenistan,TKM,2016,6360041
Turkmenistan,TKM,2017,6507061
Turkmenistan,TKM,2018,6655524
Turkmenistan,TKM,2019,6803944
Latin America & the Caribbean (IDA & IBRD countries),TLA,2010,571822092
Latin America & the Caribbean (IDA & IBRD countries),TLA,2011,578171855
Latin America & the Caribbean (IDA & IBRD countries),TLA,2012,584524334
Latin America & the Caribbean (IDA & IBRD countries),TLA,2013,590809938
Latin America & the Caribbean (IDA & IBRD countries),TLA,2014,597023419
Latin America & the Caribbean (IDA & IBRD countries),TLA,2015,603091701
Latin America & the Caribbean (IDA & IBRD countries),TLA,2016,609017063
Latin America & the Caribbean (IDA & IBRD countries),TLA,2017,614776664
Latin America & the Caribbean (IDA & IBRD countries),TLA,2018,620274430
Latin America & the Caribbean (IDA & IBRD countries),TLA,2019,625467307
Timor-Leste,TLS,2010,1084679
Timor-Leste,TLS,2011,1110207
Timor-Leste,TLS,2012,1134885
Timor-Leste,TLS,2013,1158695
Timor-Leste,TLS,2014,1181903
Timor-Leste,TLS,2015,1205131
Timor-Leste,TLS,2016,1228312
Timor-Leste,TLS,2017,1251703
Timor-Leste,TLS,2018,1275959
Timor-Leste,TLS,2019,1300945
Middle East & North Africa (IDA & IBRD countries),TMN,2010,346086741
Middle East & North Africa (IDA & IBRD countries),TMN,2011,352669280
Middle East & North Africa (IDA & IBRD countries),TMN,2012,359359831
Middle East & North Africa (IDA & IBRD countries),TMN,2013,366377897
Middle East & North Africa (IDA & IBRD countries),TMN,2014,373333494
Middle East & North Africa (IDA & IBRD countries),TMN,2015,379959947
Middle East & North Africa (IDA & IBRD countries),TMN,2016,386631346
Middle East & North Africa (IDA & IBRD countries),TMN,2017,393349907
Middle East & North Africa (IDA & IBRD countries),TMN,2018,400206414
Middle East & North Africa (IDA & IBRD countries),TMN,2019,407148671
Tonga,TON,2010,107400
Tonga,TON,2011,107570
Tonga,TON,2012,107460
Tonga,TON,2013,107078
Tonga,TON,2014,106609
Tonga,TON,2015,106095
Tonga,TON,2016,105524
Tonga,TON,2017,105356
Tonga,TON,2018,105567
Tonga,TON,2019,105669
South Asia (IDA & IBRD),TSA,2010,1672490146
South Asia (IDA & IBRD),TSA,2011,1697466396
South Asia (IDA & IBRD),TSA,2012,1721780232
South Asia (IDA & IBRD),TSA,2013,1744358673
South Asia (IDA & IBRD),TSA,2014,1766896416
South Asia (IDA & IBRD),TSA,2015,1788492725
South Asia (IDA & IBRD),TSA,2016,1809951345
South Asia (IDA & IBRD),TSA,2017,1831474329
South Asia (IDA & IBRD),TSA,2018,1852836645
South Asia (IDA & IBRD),TSA,2019,1874070006
Sub-Saharan Africa (IDA & IBRD countries),TSS,2010,894666657
Sub-Saharan Africa (IDA & IBRD countries),TSS,2011,919528126
Sub-Saharan Africa (IDA & IBRD countries),TSS,2012,944970310
Sub-Saharan Africa (IDA & IBRD countries),TSS,2013,971232906
Sub-Saharan Africa (IDA & IBRD countries),TSS,2014,997961037
Sub-Saharan Africa (IDA & IBRD countries),TSS,2015,1025251114
Sub-Saharan Africa (IDA & IBRD countries),TSS,2016,1052824144
Sub-Saharan Africa (IDA & IBRD countries),TSS,2017,1080941647
Sub-Saharan Africa (IDA & IBRD countries),TSS,2018,1109997000
Sub-Saharan Africa (IDA & IBRD countries),TSS,2019,1139315618
Trinidad and Tobago,TTO,2010,1317714
Trinidad and Tobago,TTO,2011,1328019
Trinidad and Tobago,TTO,2012,1335194
Trinidad and Tobago,TTO,2013,1340557
Trinidad and Tobago,TTO,2014,1345343
Trinidad and Tobago,TTO,2015,1349667
Trinidad and Tobago,TTO,2016,1353895
Trinidad and Tobago,TTO,2017,1356633
Trinidad and Tobago,TTO,2018,1359193
Trinidad and Tobago,TTO,2019,1363985
Tunisia,TUN,2010,10765980
Tunisia,TUN,2011,10886035
Tunisia,TUN,2012,11009647
Tunisia,TUN,2013,11141361
Tunisia,TUN,2014,11274288
Tunisia,TUN,2015,11402264
Tunisia,TUN,2016,11528674
Tunisia,TUN,2017,11650498
Tunisia,TUN,2018,11765514
Tunisia,TUN,2019,11875081
Turkiye,TUR,2010,73142150
Turkiye,TUR,2011,74223629
Turkiye,TUR,2012,75175827
Turkiye,TUR,2013,76147624
Turkiye,TUR,2014,77181884
Turkiye,TUR,2015,78218479
Turkiye,TUR,2016,79277962
Turkiye,TUR,2017,80312698
Turkiye,TUR,2018,81407204
Turkiye,TUR,2019,82579440
Tuvalu,TUV,2010,10614
Tuvalu,TUV,2011,10780
Tuvalu,TUV,2012,10934
Tuvalu,TUV,2013,11001
Tuvalu,TUV,2014,10984
Tuvalu,TUV,2015,10963
Tuvalu,TUV,2016,10930
Tuvalu,TUV,2017,10869
Tuvalu,TUV,2018,10751
Tuvalu,TUV,2019,10581
Tanzania,TZA,2010,44758488
Tanzania,TZA,2011,46029367
Tanzania,TZA,2012,47374260
Tanzania,TZA,2013,48824128
Tanzania,TZA,2014,50351512
Tanzania,TZA,2015,52020962
Tanzania,TZA,2016,53824013
Tanzania,TZA,2017,55652890
Tanzania,TZA,2018,57437145
Tanzania,TZA,2019,59174891
Uganda,UGA,2010,32390802
Uganda,UGA,2011,33354543
Uganda,UGA,2012,34337438
Uganda,UGA,2013,35337042
Uganda,UGA,2014,36395539
Uganda,UGA,2015,37531446
Uganda,UGA,2016,38799152
Uganda,UGA,2017,40177388
Uganda,UGA,2018,41565831
Uganda,UGA,2019,42999637
Ukraine,UKR,2010,46456003
Ukraine,UKR,2011,46307853
Ukraine,UKR,2012,46210056
Ukraine,UKR,2013,46126770
Ukraine,UKR,2014,45972380
Ukraine,UKR,2015,45784896
Ukraine,UKR,2016,45616832
Ukraine,UKR,2017,45436041
Ukraine,UKR,2018,45208907
Ukraine,UKR,2019,44957458
Upper middle income,UMC,2010,2579440265
Upper middle income,UMC,2011,2600803082
Upper middle income,UMC,2012,2624582981
Upper middle income,UMC,2013,2648822485
Upper middle income,UMC,2014,2672149754
Upper middle income,UMC,2015,2694528031
Upper middle income,UMC,2016,2716145902
Upper middle income,UMC,2017,2738073366
Upper middle income,UMC,2018,2758643432
Upper middle income,UMC,2019,2777172392
Uruguay,URY,2010,3318580
Uruguay,URY,2011,3326825
Uruguay,URY,2012,3335401
Uruguay,URY,2013,3345337
Uruguay,URY,2014,3356334
Uruguay,URY,2015,3368017
Uruguay,URY,2016,3379283
Uruguay,URY,2017,3388438
Uruguay,URY,2018,3394534
Uruguay,URY,2019,3397206
United States,USA,2010,309327143
United States,USA,2011,311583481
United States,USA,2012,313877662
United States,USA,2013,316059947
United States,USA,2014,318386329
United States,USA,2015,320738994
United States,USA,2016,323071755
United States,USA,2017,325122128
United States,USA,2018,326838199
United States,USA,2019,328329953
Uzbekistan,UZB,2010,28385506
Uzbekistan,UZB,2011,28823196
Uzbekistan,UZB,2012,29261903
Uzbekistan,UZB,2013,29724065
Uzbekistan,UZB,2014,30222994
Uzbekistan,UZB,2015,30749346
Uzbekistan,UZB,2016,31284568
Uzbekistan,UZB,2017,31819178
Uzbekistan,UZB,2018,32373490
Uzbekistan,UZB,2019,32964701
St. Vincent and the Grenadines,VCT,2010,109959
St. Vincent and the Grenadines,VCT,2011,109349
St. Vincent and the Grenadines,VCT,2012,108736
St. Vincent and the Grenadines,VCT,2013,108135
St. Vincent and the Grenadines,VCT,2014,107535
St. Vincent and the Grenadines,VCT,2015,106960
St. Vincent and the Grenadines,VCT,2016,106349
St. Vincent and the Grenadines,VCT,2017,105663
St. Vincent and the Grenadines,VCT,2018,104926
St. Vincent and the Grenadines,VCT,2019,104167
"Venezuela, RB",VEN,2010,28813101
"Venezuela, RB",VEN,2011,29185212
"Venezuela, RB",VEN,2012,29553826
"Venezuela, RB",VEN,2013,29912198
"Venezuela, RB",VEN,2014,30254079
"Venezuela, RB",VEN,2015,30573972
"Venezuela, RB",VEN,2016,30765720
"Venezuela, RB",VEN,2017,30565323
"Venezuela, RB",VEN,2018,29807592
"Venezuela, RB",VEN,2019,28938098
British Virgin Islands,VGB,2010,27675
British Virgin Islands,VGB,2011,28710
British Virgin Islands,VGB,2012,30345
British Virgin Islands,VGB,2013,31703
British Virgin Islands,VGB,2014,32962
British Virgin Islands,VGB,2015,34498
British Virgin Islands,VGB,2016,33878
British Virgin Islands,VGB,2017,32699
British Virgin Islands,VGB,2018,34657
British Virgin Islands,VGB,2019,36395
Virgin Islands (U.S.),VIR,2010,108357
Virgin Islands (U.S.),VIR,2011,108290
Virgin Islands (U.S.),VIR,2012,108188
Virgin Islands (U.S.),VIR,2013,108041
Virgin Islands (U.S.),VIR,2014,107882
Virgin Islands (U.S.),VIR,2015,107712
Virgin Islands (U.S.),VIR,2016,107516
Virgin Islands (U.S.),VIR,2017,107281
Virgin Islands (U.S.),VIR,2018,107001
Virgin Islands (U.S.),VIR,2019,106669
Viet Nam,VNM,2010,87455152
Viet Nam,VNM,2011,88468314
Viet Nam,VNM,2012,89510356
Viet Nam,VNM,2013,90573104
Viet Nam,VNM,2014,91679578
Viet Nam,VNM,2015,92823254
Viet Nam,VNM,2016,94000117
Viet Nam,VNM,2017,95176977
Viet Nam,VNM,2018,96237319
Viet Nam,VNM,2019,97173776
Vanuatu,VUT,2010,238248
Vanuatu,VUT,2011,243474
Vanuatu,VUT,2012,248883
Vanuatu,VUT,2013,254482
Vanuatu,VUT,2014,260240
Vanuatu,VUT,2015,266101
Vanuatu,VUT,2016,272087
Vanuatu,VUT,2017,278507
Vanuatu,VUT,2018,285259
Vanuatu,VUT,2019,291985
World,WLD,2010,7000671233
World,WLD,2011,7086201663
World,WLD,2012,7175816385
World,WLD,2013,7265314967
World,WLD,2014,7353910925
World,WLD,2015,7441471720
World,WLD,2016,7528523333
World,WLD,2017,7614113551
World,WLD,2018,7696494847
World,WLD,2019,7776892015
Samoa,WSM,2010,193023
Samoa,WSM,2011,194713
Samoa,WSM,2012,196498
Samoa,WSM,2013,198268
Samoa,WSM,2014,200037
Samoa,WSM,2015,201782
Samoa,WSM,2016,203499
Samoa,WSM,2017,205415
Samoa,WSM,2018,207582
Samoa,WSM,2019,209780
Kosovo,XKX,2010,1788743
Kosovo,XKX,2011,1791949
Kosovo,XKX,2012,1807126
Kosovo,XKX,2013,1818119
Kosovo,XKX,2014,1812788
Kosovo,XKX,2015,1788274
Kosovo,XKX,2016,1777568
Kosovo,XKX,2017,1791019
Kosovo,XKX,2018,1797086
Kosovo,XKX,2019,1788891
"Yemen, Rep.",YEM,2010,26754387
"Yemen, Rep.",YEM,2011,27582897
"Yemen, Rep.",YEM,2012,28433647
"Yemen, Rep.",YEM,2013,29312952
"Yemen, Rep.",YEM,2014,30226309
"Yemen, Rep.",YEM,2015,31159379
"Yemen, Rep.",YEM,2016,32109010
"Yemen, Rep.",YEM,2017,33090921
"Yemen, Rep.",YEM,2018,34085182
"Yemen, Rep.",YEM,2019,35111408
South Africa,ZAF,2010,52344051
South Africa,ZAF,2011,52995205
South Africa,ZAF,2012,53782567
South Africa,ZAF,2013,54678791
South Africa,ZAF,2014,55594838
South Africa,ZAF,2015,56723537
South Africa,ZAF,2016,57259551
South Africa,ZAF,2017,57635162
South Africa,ZAF,2018,58613001
South Africa,ZAF,2019,59587885
Zambia,ZMB,2010,13965594
Zambia,ZMB,2011,14437796
Zambia,ZMB,2012,14913629
Zambia,ZMB,2013,15398997
Zambia,ZMB,2014,15895315
Zambia,ZMB,2015,16399089
Zambia,ZMB,2016,16914423
Zambia,ZMB,2017,17441320
Zambia,ZMB,2018,17973569
Zambia,ZMB,2019,18513839
Zimbabwe,ZWE,2010,13356548
Zimbabwe,ZWE,2011,13595424
Zimbabwe,ZWE,2012,13817887
Zimbabwe,ZWE,2013,14013808
Zimbabwe,ZWE,2014,14207359
Zimbabwe,ZWE,2015,14399013
Zimbabwe,ZWE,2016,14600294
Zimbabwe,ZWE,2017,14812482
Zimbabwe,ZWE,2018,15034452
Zimbabwe,ZWE,2019,15271368
